incident_id,incident_date,sector,region,attack_type,threat_actor,records_affected,downtime_hours,ransom_demand_usd,detection_time_hours,severity_score,response_team_size,regulatory_fine_usd,resolved_within_7_days,data_exfiltration,zero_day_used
INC-00001,2024-12-29,Energy,Middle East & Africa,Phishing,State-Sponsored,100991,26.5,1393,26.48,6.24,4,0,1,0,0
INC-00002,2023-11-25,Retail,Latin America,Malware,Insider,136440,53.43,27667,35.26,5.89,16,0,1,0,0
INC-00003,2022-03-14,Government,Asia Pacific,Malware,Cybercriminal Group,47547,17.48,13588,50.7,5.86,7,49245,0,0,0
INC-00004,2024-08-29,Retail,Asia Pacific,Credential Theft,State-Sponsored,20357,56.63,28591,19.93,5.77,10,0,0,0,0
INC-00005,2023-04-07,Healthcare,Latin America,DDoS,Hacktivist,43241,8.84,5952,47.71,4.26,8,19890,0,0,0
INC-00006,2021-07-03,Finance,North America,DDoS,Insider,232836,9.61,6304,23.65,4.05,12,68066,1,0,0
INC-00007,2024-08-05,Finance,Asia Pacific,Supply Chain,Cybercriminal Group,128988,0.5,0,33.63,5.21,14,16064,1,0,0
INC-00008,2022-04-20,Retail,Middle East & Africa,Malware,Unknown,30087,28.56,44100,39.25,6.53,9,32056,0,0,0
INC-00009,2021-08-01,Retail,North America,Phishing,Unknown,226010,4.36,21411,24.44,2.23,16,58358,1,0,0
INC-00010,2025-02-22,Retail,Asia Pacific,Ransomware,State-Sponsored,78030,10.69,223065,77.33,7.18,8,7813,0,1,0
INC-00011,2022-05-02,Education,Latin America,Ransomware,State-Sponsored,90105,9.58,364736,31.23,5.7,8,0,1,1,0
INC-00012,2022-04-25,Education,Asia Pacific,Credential Theft,Unknown,127947,19.69,62353,62.26,3.26,9,0,0,0,0
INC-00013,2022-04-13,Energy,Asia Pacific,Ransomware,Cybercriminal Group,15663,0.5,278021,13.64,5.46,11,21835,1,1,0
INC-00014,2024-07-21,Healthcare,Middle East & Africa,Malware,Hacktivist,229306,0.5,125074,19.7,3.86,7,29599,0,0,0
INC-00015,2021-12-02,Education,Middle East & Africa,Phishing,Insider,420912,44.37,56472,62.24,5.39,11,17741,0,0,0
INC-00016,2024-05-16,Government,North America,Supply Chain,Cybercriminal Group,26945,0.5,0,39.91,5.74,16,0,0,1,0
INC-00017,2023-08-17,Government,Asia Pacific,Phishing,Insider,154814,45.79,57030,35.81,6.77,8,0,1,0,0
INC-00018,2021-01-01,Government,Middle East & Africa,Insider Threat,Insider,92536,40.03,91771,23.47,5.09,12,0,0,0,0
INC-00019,2022-02-16,Manufacturing,Europe,Phishing,Hacktivist,58259,25.59,0,30.89,5.49,6,46323,1,0,0
INC-00020,2021-10-18,Finance,Asia Pacific,Malware,State-Sponsored,11945,10.78,0,50.67,5.49,10,0,0,1,0
INC-00021,2022-04-24,Energy,Europe,Insider Threat,State-Sponsored,107592,29.48,38493,1,4.88,4,0,1,0,0
INC-00022,2024-05-13,Energy,Latin America,Credential Theft,State-Sponsored,135222,0.5,47267,38.39,3.93,10,0,0,0,0
INC-00023,2021-05-28,Retail,Middle East & Africa,DDoS,Insider,101444,38.23,62308,1,4.75,10,0,0,0,0
INC-00024,2021-10-25,Technology,Europe,Insider Threat,State-Sponsored,5069,9.2,5548,30.3,3.84,11,6821,1,0,0
INC-00025,2024-07-19,Government,Europe,Insider Threat,Unknown,111526,22.32,9881,63.64,5.89,6,0,0,0,0
INC-00026,2022-05-13,Manufacturing,Europe,Credential Theft,Hacktivist,107353,57.81,0,35.23,7.47,11,0,1,0,0
INC-00027,2022-08-05,Healthcare,Asia Pacific,DDoS,Insider,240239,32.87,0,13.64,5.49,13,77817,0,0,0
INC-00028,2021-10-20,Education,North America,Credential Theft,Cybercriminal Group,22555,16.53,43437,22.2,5.9,9,22032,1,1,0
INC-00029,2021-06-13,Manufacturing,Middle East & Africa,Ransomware,State-Sponsored,606612,31.36,52908,45.34,8.27,13,23313,0,1,0
INC-00030,2021-11-17,Manufacturing,Latin America,Malware,State-Sponsored,132293,39.88,23562,27.78,3.62,13,26533,0,0,0
INC-00031,2021-01-22,Finance,Asia Pacific,Ransomware,Insider,109810,52.16,167726,29.97,10,8,114895,0,1,0
INC-00032,2024-03-10,Government,Middle East & Africa,Ransomware,State-Sponsored,92334,61.24,191105,27.73,8.32,14,11065,1,0,0
INC-00033,2021-01-23,Finance,Asia Pacific,DDoS,Unknown,38303,35.47,47003,51.71,6.69,18,2263,0,0,0
INC-00034,2022-04-28,Energy,Middle East & Africa,Credential Theft,Hacktivist,141630,5.21,19774,19.56,4.53,13,0,1,1,0
INC-00035,2023-03-16,Healthcare,Middle East & Africa,Supply Chain,Unknown,119262,50.1,59854,16.71,9.26,10,11677,0,1,1
INC-00036,2021-07-06,Manufacturing,Middle East & Africa,Supply Chain,Insider,61980,6.46,62108,52.75,5.08,8,10907,0,1,0
INC-00037,2023-05-17,Energy,North America,Malware,Cybercriminal Group,37272,11.19,84810,48.1,5.05,10,0,0,1,0
INC-00038,2023-09-13,Retail,North America,Supply Chain,Hacktivist,416367,3.54,26819,67.69,5.71,9,0,1,1,0
INC-00039,2023-08-20,Technology,Europe,DDoS,Hacktivist,100481,18.46,22245,37.93,4.64,2,22320,1,0,0
INC-00040,2023-03-13,Education,Europe,Phishing,State-Sponsored,51136,19.72,11343,3.78,4.55,12,0,1,0,0
INC-00041,2023-10-19,Healthcare,Asia Pacific,Phishing,Hacktivist,217610,75.48,24522,1,9.49,7,24235,1,0,0
INC-00042,2022-07-04,Retail,Latin America,Malware,Cybercriminal Group,65087,29.14,0,60.49,5.23,12,23822,1,0,0
INC-00043,2021-08-28,Government,Latin America,Insider Threat,Insider,58814,16.54,30657,35.84,6.65,10,0,0,1,0
INC-00044,2024-11-13,Education,North America,Insider Threat,State-Sponsored,17315,17.21,0,64.75,6.76,8,0,0,1,0
INC-00045,2022-09-22,Retail,North America,Ransomware,Hacktivist,147128,24.57,362196,21.69,4.77,9,0,1,0,0
INC-00046,2023-04-25,Healthcare,Latin America,Phishing,Unknown,123455,16.35,0,34.49,5.19,16,47042,1,0,0
INC-00047,2023-09-17,Energy,Asia Pacific,Phishing,Cybercriminal Group,13932,21.37,76909,59.87,4.58,5,0,0,0,0
INC-00048,2022-12-03,Finance,North America,Ransomware,Insider,39452,11.63,82127,38.15,6.64,15,0,0,1,0
INC-00049,2021-06-21,Technology,North America,Credential Theft,State-Sponsored,172915,18.64,35216,43.32,4.28,14,8308,1,0,0
INC-00050,2021-02-02,Education,Europe,Phishing,Unknown,21684,33.33,0,10.33,4.83,16,56986,0,1,0
INC-00051,2022-07-19,Manufacturing,Asia Pacific,Supply Chain,Hacktivist,21732,23.5,73792,8.56,4.67,12,0,1,1,0
INC-00052,2022-06-23,Healthcare,Latin America,Credential Theft,Insider,41529,42.59,57092,5.47,8.24,10,3667,0,0,0
INC-00053,2021-10-22,Energy,Middle East & Africa,Credential Theft,Insider,105299,52.26,23480,53.64,6.51,6,0,0,1,0
INC-00054,2022-02-17,Finance,North America,Supply Chain,Unknown,217027,5.24,136444,55.84,6.41,5,1228,0,0,0
INC-00055,2022-06-04,Technology,Middle East & Africa,Credential Theft,State-Sponsored,224017,46.63,96668,35.33,7.79,20,74434,1,1,0
INC-00056,2021-04-15,Technology,Latin America,Insider Threat,Cybercriminal Group,16141,23.02,43996,41.17,6.09,8,18501,0,1,0
INC-00057,2022-10-27,Manufacturing,Europe,DDoS,Insider,197148,47.71,84061,26.81,7.26,8,73971,0,0,1
INC-00058,2024-01-20,Education,Asia Pacific,Ransomware,Unknown,115491,37.07,163321,36.95,7.16,12,0,1,1,0
INC-00059,2022-09-28,Healthcare,Asia Pacific,Supply Chain,Hacktivist,179492,8.94,26345,47.08,5.14,13,0,0,0,0
INC-00060,2022-06-10,Manufacturing,Middle East & Africa,Supply Chain,State-Sponsored,59636,30.03,27825,39.67,6.42,12,31432,0,1,1
INC-00061,2021-06-27,Government,Middle East & Africa,Credential Theft,Insider,25802,0.5,91623,67.36,5.81,5,0,0,1,0
INC-00062,2021-09-10,Education,Latin America,Malware,Cybercriminal Group,100542,32.56,40267,60.88,6.71,18,0,0,0,0
INC-00063,2023-07-01,Finance,Asia Pacific,Malware,Hacktivist,60468,40.21,21032,41.62,7.49,18,45616,0,0,0
INC-00064,2023-04-03,Retail,Latin America,Phishing,State-Sponsored,99979,23.14,49543,35.27,5.76,5,81067,1,0,0
INC-00065,2023-10-21,Retail,Asia Pacific,DDoS,Unknown,10440,1.49,0,30.82,2.95,15,0,1,0,0
INC-00066,2022-07-02,Finance,Europe,Phishing,State-Sponsored,879566,15.92,27495,42.61,6.73,9,16869,1,0,0
INC-00067,2024-08-29,Education,Latin America,DDoS,State-Sponsored,155127,42.44,0,47.41,6.59,11,0,0,0,1
INC-00068,2024-01-31,Government,North America,Malware,Cybercriminal Group,53625,46.3,0,16.32,6.9,9,0,0,0,0
INC-00069,2022-11-17,Technology,Latin America,Insider Threat,Hacktivist,66074,35.1,55256,28.62,6.29,14,43882,1,1,0
INC-00070,2022-11-13,Technology,Middle East & Africa,Insider Threat,Cybercriminal Group,26710,6.05,83036,28.32,3.11,10,506,1,0,0
INC-00071,2024-12-03,Energy,North America,Ransomware,Hacktivist,316305,2.89,0,28.65,4.03,9,48905,1,0,0
INC-00072,2022-06-23,Education,North America,Malware,State-Sponsored,17734,36.01,0,40.27,6.25,10,4872,0,0,0
INC-00073,2024-03-10,Retail,North America,Malware,Cybercriminal Group,87184,44.07,0,1,6.05,17,9458,1,0,0
INC-00074,2021-05-24,Energy,North America,Insider Threat,Unknown,3848,23.11,33398,42.97,3.58,9,17085,0,0,0
INC-00075,2025-03-06,Government,Asia Pacific,Insider Threat,Hacktivist,37169,50.68,0,43.76,10,18,67259,0,1,1
INC-00076,2021-01-05,Technology,Europe,Credential Theft,Cybercriminal Group,64823,0.5,0,48.49,5.45,5,29352,0,0,1
INC-00077,2024-08-08,Finance,Latin America,DDoS,Hacktivist,122650,26.97,136685,52.27,5.36,7,14106,0,0,0
INC-00078,2022-02-05,Technology,Middle East & Africa,Insider Threat,State-Sponsored,335942,32.54,1123,23.9,5.5,13,10596,1,0,0
INC-00079,2022-11-10,Government,Latin America,Insider Threat,Unknown,99019,0.5,33818,33.31,5.38,12,155660,1,1,0
INC-00080,2022-02-03,Technology,Europe,Phishing,Hacktivist,607665,3.66,36635,43.96,4.29,8,40231,1,0,0
INC-00081,2023-07-04,Technology,Latin America,Credential Theft,Insider,66920,20.36,25517,24.25,5.61,7,23388,1,1,0
INC-00082,2022-02-09,Government,Asia Pacific,Phishing,Cybercriminal Group,35649,31.67,54611,59.58,6.0,12,38314,0,0,0
INC-00083,2023-12-26,Retail,Latin America,Ransomware,Unknown,178507,22.7,205926,28.49,5.61,17,0,1,1,0
INC-00084,2021-08-27,Energy,Middle East & Africa,Insider Threat,Unknown,197189,50.09,18019,42.79,6.71,11,0,0,0,0
INC-00085,2024-12-07,Education,Europe,Supply Chain,Insider,104301,34.08,116826,1,6.36,13,0,0,0,0
INC-00086,2022-04-19,Manufacturing,Asia Pacific,Ransomware,Insider,63090,58.2,96121,24.23,5.27,8,24485,1,0,0
INC-00087,2023-10-07,Education,Europe,Ransomware,Unknown,76259,68.33,245121,35.7,8.73,9,42087,1,1,0
INC-00088,2024-08-26,Government,North America,Ransomware,Insider,356778,31.4,208821,27.74,8.81,13,0,1,1,0
INC-00089,2023-08-07,Manufacturing,Asia Pacific,DDoS,Cybercriminal Group,63522,15.23,0,61.64,6.0,17,30654,0,0,0
INC-00090,2021-08-08,Retail,Latin America,Malware,Insider,75184,30.86,0,29.89,4.47,12,1794,0,0,0
INC-00091,2023-11-01,Government,North America,Insider Threat,State-Sponsored,128734,56.02,0,29.34,7.64,18,18702,0,0,0
INC-00092,2023-07-29,Energy,Latin America,Credential Theft,State-Sponsored,305915,12.79,0,50.95,7.12,8,16366,1,1,0
INC-00093,2025-01-16,Government,Middle East & Africa,Phishing,Unknown,56954,2.56,0,22.2,4.31,6,38821,1,0,0
INC-00094,2022-11-04,Healthcare,North America,Malware,Insider,62653,25.01,103302,8.85,4.03,11,0,1,0,0
INC-00095,2024-10-09,Healthcare,Middle East & Africa,Malware,Insider,10983,6.0,25444,1,4.34,10,31546,1,0,1
INC-00096,2023-03-27,Energy,Latin America,Insider Threat,Unknown,27475,2.04,13463,45.67,5.26,12,0,1,1,0
INC-00097,2021-05-01,Energy,Latin America,Ransomware,Insider,82157,17.76,191653,27.13,4.74,4,5570,0,1,0
INC-00098,2022-11-13,Education,Europe,Phishing,Unknown,3290,3.63,102948,64.0,1.81,15,1169,0,0,0
INC-00099,2023-06-16,Government,Asia Pacific,Insider Threat,State-Sponsored,465918,26.5,45837,55.24,8.82,10,150175,0,1,0
INC-00100,2022-12-04,Technology,Europe,Supply Chain,Unknown,225349,6.13,9708,38.41,6.3,3,0,1,1,0
INC-00101,2021-05-06,Education,Europe,Insider Threat,Hacktivist,104705,6.8,34959,53.34,4.8,6,40169,0,1,0
INC-00102,2024-12-28,Energy,Latin America,Insider Threat,Cybercriminal Group,79148,7.52,31485,20.51,5.31,9,0,1,0,0
INC-00103,2021-11-26,Government,Europe,Ransomware,Insider,123090,44.3,364138,41.24,6.72,5,18749,0,0,0
INC-00104,2023-06-02,Government,Europe,Insider Threat,Insider,16363,34.89,0,1,4.22,3,76600,1,0,0
INC-00105,2024-10-14,Healthcare,North America,Credential Theft,Cybercriminal Group,126158,0.5,2660,45.35,5.64,13,0,0,1,0
INC-00106,2024-01-26,Education,Asia Pacific,Credential Theft,Insider,22040,20.05,106087,5.2,5.83,11,18952,1,1,0
INC-00107,2023-09-25,Retail,Middle East & Africa,Supply Chain,Insider,45150,6.64,3143,40.73,4.22,8,0,0,0,0
INC-00108,2023-10-08,Manufacturing,North America,Ransomware,Unknown,52436,47.49,409453,30.8,7.49,11,0,1,0,0
INC-00109,2024-08-13,Finance,Middle East & Africa,Insider Threat,Insider,40686,42.92,2289,53.19,7.47,17,62737,0,1,0
INC-00110,2022-05-29,Healthcare,North America,Phishing,State-Sponsored,46791,41.21,16931,30.49,8.31,16,59097,0,0,0
INC-00111,2025-01-07,Retail,Latin America,Ransomware,Unknown,136009,5.97,62333,69.0,3.62,11,18046,0,0,0
INC-00112,2022-09-01,Education,Latin America,Phishing,Cybercriminal Group,126177,40.62,30856,1,6.82,19,4584,1,0,0
INC-00113,2023-06-07,Government,North America,Phishing,Hacktivist,41607,50.58,37231,77.91,6.84,14,8724,0,0,0
INC-00114,2024-07-15,Retail,Asia Pacific,DDoS,Unknown,170782,27.51,161250,47.39,3.91,14,41626,0,0,0
INC-00115,2024-12-24,Retail,Asia Pacific,Supply Chain,Insider,249152,0.5,60155,51.98,5.15,7,49459,0,0,1
INC-00116,2024-07-09,Energy,Latin America,Supply Chain,Cybercriminal Group,108967,10.58,57196,40.3,7.63,7,27698,0,1,1
INC-00117,2022-06-16,Healthcare,Middle East & Africa,Phishing,Cybercriminal Group,98118,0.5,28808,57.93,4.73,11,48175,1,0,0
INC-00118,2022-12-09,Government,North America,DDoS,Unknown,163684,49.72,9212,49.29,7.29,14,59266,1,0,0
INC-00119,2021-05-31,Energy,Europe,Ransomware,Insider,45948,37.83,78963,65.62,5.58,7,8937,0,0,0
INC-00120,2024-08-18,Technology,Middle East & Africa,Supply Chain,Unknown,37537,31.62,1186,35.41,6.38,11,0,0,1,0
INC-00121,2022-04-08,Retail,Latin America,Insider Threat,Unknown,18716,5.04,63486,25.05,4.58,11,0,1,1,0
INC-00122,2023-07-12,Manufacturing,North America,Insider Threat,Unknown,186354,26.68,0,48.28,7.71,11,18629,0,1,0
INC-00123,2021-05-11,Finance,Middle East & Africa,Malware,Hacktivist,41384,41.84,45761,10.6,6.48,11,0,0,0,0
INC-00124,2021-04-11,Manufacturing,Asia Pacific,Insider Threat,Insider,151454,26.43,120394,56.76,7.54,15,0,0,1,0
INC-00125,2024-03-14,Education,Europe,Ransomware,Insider,351696,14.38,0,55.48,6.04,2,9145,0,1,0
INC-00126,2024-03-28,Healthcare,Asia Pacific,Insider Threat,Cybercriminal Group,103664,39.7,34127,60.31,9.29,10,137752,0,1,0
INC-00127,2024-02-24,Energy,Europe,Ransomware,Unknown,117646,37.04,282279,10.01,6.99,2,0,0,0,0
INC-00128,2023-03-06,Education,Latin America,DDoS,State-Sponsored,118044,15.1,79306,21.87,3.91,11,25961,1,0,0
INC-00129,2023-04-16,Government,Middle East & Africa,Ransomware,State-Sponsored,474113,48.83,296010,10.64,9.66,7,36848,0,1,0
INC-00130,2021-10-31,Government,Middle East & Africa,Insider Threat,Unknown,23359,11.24,33798,37.65,3.58,11,0,1,1,0
INC-00131,2021-10-10,Education,North America,Credential Theft,Unknown,34194,33.25,0,21.68,6.15,11,14820,0,1,0
INC-00132,2024-09-27,Energy,Middle East & Africa,Malware,Insider,52577,35.52,61846,11.97,6.53,8,60501,0,1,0
INC-00133,2022-11-01,Healthcare,Europe,Phishing,Unknown,388236,3.63,32410,62.55,4.78,12,26287,0,0,0
INC-00134,2022-03-21,Education,Europe,Ransomware,Hacktivist,467035,18.95,156374,1,4.17,13,3883,1,0,0
INC-00135,2022-02-19,Healthcare,Europe,Phishing,State-Sponsored,54886,13.95,74388,56.35,8.24,11,193837,0,1,0
INC-00136,2024-12-30,Government,Asia Pacific,Supply Chain,Cybercriminal Group,46148,22.67,32254,27.09,5.98,18,0,0,1,0
INC-00137,2022-01-01,Retail,Latin America,Malware,Unknown,200558,22.18,62811,57.12,7.33,11,0,1,1,0
INC-00138,2023-03-17,Education,Latin America,DDoS,State-Sponsored,80875,12.66,75505,30.94,3.79,6,69972,1,0,0
INC-00139,2021-05-07,Technology,Middle East & Africa,Phishing,State-Sponsored,237860,25.01,39271,23.28,6.16,14,4390,1,1,0
INC-00140,2024-10-12,Education,Middle East & Africa,Supply Chain,Insider,57413,0.5,118713,36.7,4.72,3,10299,1,1,0
INC-00141,2022-07-15,Education,Europe,DDoS,Hacktivist,55287,32.48,44746,36.38,5.07,15,23516,1,0,0
INC-00142,2022-01-28,Retail,North America,Phishing,Hacktivist,5373,26.38,0,25.2,4.07,20,5449,1,0,0
INC-00143,2024-01-19,Government,Asia Pacific,DDoS,State-Sponsored,120850,16.75,55159,1,5.59,8,0,0,0,0
INC-00144,2024-04-06,Finance,Middle East & Africa,DDoS,Hacktivist,226325,48.42,25460,55.35,8.16,10,0,0,0,1
INC-00145,2023-05-07,Technology,Europe,Supply Chain,State-Sponsored,55213,27.19,24733,29.63,6.23,14,2511,1,1,1
INC-00146,2023-05-17,Retail,Latin America,Supply Chain,Hacktivist,428447,23.44,84826,34.73,7.69,13,87,0,1,0
INC-00147,2024-02-27,Healthcare,Latin America,DDoS,Hacktivist,89434,7.97,56800,55.89,4.74,12,0,0,0,0
INC-00148,2021-12-13,Education,Europe,Phishing,Cybercriminal Group,17829,16.37,76006,56.11,4.56,8,0,1,0,0
INC-00149,2023-05-05,Energy,Middle East & Africa,DDoS,State-Sponsored,73438,10.64,67783,56.44,5.62,6,0,0,1,0
INC-00150,2024-06-16,Energy,Middle East & Africa,Phishing,Unknown,48337,30.55,0,59.76,4.39,14,10112,0,0,0
INC-00151,2022-12-02,Retail,Europe,Credential Theft,Unknown,75029,50.75,33670,52.31,8.38,4,7180,1,1,0
INC-00152,2022-07-23,Healthcare,Latin America,Malware,Hacktivist,24280,9.9,73970,45.09,4.54,14,53935,0,0,0
INC-00153,2024-12-05,Government,Asia Pacific,Insider Threat,State-Sponsored,249555,4.22,51135,22.39,5.28,8,0,1,1,0
INC-00154,2024-10-06,Healthcare,Latin America,Insider Threat,Cybercriminal Group,74988,18.42,0,39.81,5.97,13,92658,1,0,0
INC-00155,2021-02-10,Healthcare,Europe,Malware,Hacktivist,41740,29.75,72161,28.53,6.03,11,72304,1,0,0
INC-00156,2023-04-22,Retail,North America,DDoS,Cybercriminal Group,65580,10.3,36707,47.82,3.81,9,38497,0,0,0
INC-00157,2022-11-30,Finance,Europe,Supply Chain,Cybercriminal Group,142865,45.8,69998,39.97,9.71,13,22297,1,1,0
INC-00158,2021-04-19,Technology,Middle East & Africa,Phishing,Cybercriminal Group,9735,32.9,0,1.73,4.6,11,47425,0,0,0
INC-00159,2021-03-22,Retail,Asia Pacific,DDoS,Insider,85976,39.51,127480,24.13,5.63,14,17620,0,0,0
INC-00160,2023-11-02,Education,Latin America,Supply Chain,Unknown,109752,12.09,0,42.7,3.06,15,0,1,0,0
INC-00161,2025-03-08,Education,Latin America,Insider Threat,Hacktivist,26505,24.44,0,44.99,4.93,6,0,1,0,0
INC-00162,2022-07-25,Government,Middle East & Africa,Supply Chain,Cybercriminal Group,209170,7.0,6669,1,5.26,14,8541,1,0,0
INC-00163,2024-07-10,Retail,Europe,DDoS,Insider,37495,26.18,28703,54.29,4.51,11,29698,1,0,0
INC-00164,2021-09-28,Finance,North America,DDoS,Hacktivist,36188,20.91,53494,34.36,4.55,10,4775,0,0,0
INC-00165,2022-04-03,Education,Asia Pacific,DDoS,Insider,37853,22.22,45674,12.62,6.84,15,3320,1,1,0
INC-00166,2022-06-10,Technology,Middle East & Africa,DDoS,Unknown,100055,53.93,59405,33.32,7.64,9,0,0,1,0
INC-00167,2021-03-25,Manufacturing,Europe,Malware,Cybercriminal Group,284739,45.83,48152,55.88,7.82,9,0,0,0,0
INC-00168,2024-08-11,Retail,Middle East & Africa,Phishing,Hacktivist,37963,16.91,61887,37.12,3.94,15,0,1,0,0
INC-00169,2024-12-06,Retail,Asia Pacific,Ransomware,Insider,121134,0.5,333542,26.77,4.62,5,0,1,1,0
INC-00170,2024-05-24,Finance,Asia Pacific,Malware,Hacktivist,176962,34.1,80703,36.85,6.88,12,33330,1,0,0
INC-00171,2023-07-11,Energy,Middle East & Africa,Credential Theft,Insider,21142,31.12,97488,20.71,4.61,6,0,0,0,0
INC-00172,2022-06-10,Manufacturing,Europe,DDoS,Hacktivist,19365,0.5,38245,1,2.75,14,35444,1,0,0
INC-00173,2022-10-23,Education,Asia Pacific,Ransomware,State-Sponsored,37541,16.69,113735,45.42,5.97,9,19625,0,1,0
INC-00174,2021-11-10,Education,Latin America,Ransomware,Unknown,76874,50.8,143654,60.19,7.43,11,0,0,1,0
INC-00175,2021-10-31,Healthcare,Middle East & Africa,DDoS,Hacktivist,19347,38.56,30293,1.01,5.45,2,0,0,0,0
INC-00176,2023-08-20,Manufacturing,Europe,Insider Threat,Unknown,37306,16.14,0,46.67,6.97,12,0,0,1,1
INC-00177,2021-08-31,Technology,Europe,Insider Threat,Unknown,402012,22.55,31673,57.59,5.63,9,9034,0,0,0
INC-00178,2025-02-27,Retail,North America,Credential Theft,Unknown,175828,52.74,0,39.24,7.4,4,0,0,1,0
INC-00179,2024-02-01,Retail,Middle East & Africa,Malware,Unknown,73092,37.07,18954,59.07,5.87,10,1858,1,0,0
INC-00180,2022-08-10,Government,Asia Pacific,DDoS,Insider,9756,51.0,0,13.34,7.46,8,24321,1,0,0
INC-00181,2021-06-20,Retail,Asia Pacific,Phishing,State-Sponsored,49121,15.15,87303,95.75,5.2,5,6190,0,0,0
INC-00182,2022-04-09,Finance,Europe,Insider Threat,Cybercriminal Group,33276,5.71,50074,48.33,5.79,14,0,0,0,0
INC-00183,2022-02-03,Finance,Europe,Supply Chain,Unknown,179896,30.08,37307,65.09,7.67,12,4777,0,0,0
INC-00184,2021-10-09,Government,Middle East & Africa,Supply Chain,Unknown,230872,3.29,27095,54.66,6.13,5,0,1,0,1
INC-00185,2024-03-20,Government,Europe,Credential Theft,Unknown,9683,0.5,8664,82.15,6.17,9,167054,0,1,0
INC-00186,2023-02-08,Technology,Asia Pacific,Malware,State-Sponsored,193273,7.95,2254,40.33,5.81,13,8910,0,1,0
INC-00187,2022-05-18,Manufacturing,Middle East & Africa,Credential Theft,Insider,395915,34.53,46291,55.65,7.92,12,0,0,1,0
INC-00188,2021-04-04,Finance,Asia Pacific,DDoS,Unknown,42916,26.7,0,26.74,5.34,5,41333,1,0,0
INC-00189,2023-06-01,Education,North America,Phishing,Hacktivist,157573,14.12,38311,25.56,3.04,16,0,1,0,0
INC-00190,2021-01-31,Manufacturing,Latin America,Supply Chain,Cybercriminal Group,96730,19.52,82243,28.78,4.7,3,75846,1,0,0
INC-00191,2022-08-05,Manufacturing,Asia Pacific,Ransomware,Insider,53382,37.5,0,1,5.78,13,0,0,1,0
INC-00192,2021-07-08,Manufacturing,Asia Pacific,Credential Theft,Hacktivist,82040,38.86,17160,62.9,8.8,10,0,0,1,0
INC-00193,2021-04-20,Manufacturing,Middle East & Africa,Insider Threat,State-Sponsored,38956,32.16,28120,32.15,5.84,8,16650,1,1,0
INC-00194,2021-04-24,Finance,Latin America,Ransomware,Unknown,52436,18.97,0,49.61,7.7,5,93125,0,1,0
INC-00195,2022-02-07,Finance,Europe,Phishing,Unknown,16274,19.61,0,13.18,4.69,13,16897,1,0,0
INC-00196,2021-09-18,Healthcare,Middle East & Africa,Phishing,Unknown,68795,41.53,59334,37.5,5.72,12,3102,0,0,0
INC-00197,2021-10-05,Finance,Europe,Supply Chain,Hacktivist,12942,48.56,52800,1,6.63,8,2441,0,0,0
INC-00198,2024-03-27,Education,North America,Ransomware,Hacktivist,24628,1.52,228815,53.04,3.07,13,0,0,0,0
INC-00199,2024-12-01,Energy,North America,Credential Theft,Cybercriminal Group,160630,27.61,93307,45.59,6.83,16,0,1,1,0
INC-00200,2022-03-24,Healthcare,North America,Phishing,Cybercriminal Group,205761,26.44,106883,18.47,5.64,6,22381,1,0,0
INC-00201,2022-12-15,Energy,Latin America,Phishing,Cybercriminal Group,70207,11.81,24835,21.66,4.11,10,16622,1,0,0
INC-00202,2021-07-03,Energy,Latin America,Credential Theft,Hacktivist,48625,45.37,89007,44.3,6.12,10,0,0,0,0
INC-00203,2025-03-13,Finance,Middle East & Africa,Ransomware,Insider,238692,39.43,119794,38.87,9.3,12,52522,0,1,0
INC-00204,2024-10-22,Energy,Europe,Ransomware,Cybercriminal Group,89263,23.78,166281,6.61,7.14,7,3931,0,1,0
INC-00205,2024-08-23,Technology,North America,Malware,Insider,204567,37.08,19177,44.03,5.96,11,19900,1,0,0
INC-00206,2024-11-10,Energy,Latin America,Phishing,Hacktivist,149814,4.72,78749,11.37,1.25,11,7737,1,0,0
INC-00207,2023-09-19,Government,Middle East & Africa,Insider Threat,Cybercriminal Group,30307,31.75,86800,53.66,7.47,12,14456,1,1,0
INC-00208,2022-06-29,Government,Europe,DDoS,Hacktivist,45809,28.62,74669,45.66,4.9,13,0,0,0,0
INC-00209,2021-03-05,Retail,Asia Pacific,Supply Chain,Unknown,213258,0.5,0,43.27,5.47,9,23612,0,1,0
INC-00210,2022-11-15,Technology,Latin America,Ransomware,Cybercriminal Group,131502,7.06,223851,2.48,4.69,18,5179,1,1,0
INC-00211,2023-07-09,Energy,Europe,Malware,Insider,24904,63.4,65837,22.35,6.6,10,7220,0,0,0
INC-00212,2024-02-17,Retail,Latin America,Credential Theft,Hacktivist,35459,19.94,56405,30.62,6.33,7,0,1,0,0
INC-00213,2024-08-23,Government,North America,Credential Theft,Insider,184054,53.93,76683,1.39,8.68,10,0,0,1,0
INC-00214,2022-08-24,Energy,North America,Credential Theft,State-Sponsored,48215,64.77,0,12.33,5.51,12,28901,0,0,0
INC-00215,2024-05-27,Healthcare,Europe,Insider Threat,State-Sponsored,301634,15.0,0,65.46,8.11,13,0,1,1,0
INC-00216,2025-03-19,Finance,Latin America,Insider Threat,Hacktivist,42050,15.41,62315,40.03,6.12,11,0,0,0,0
INC-00217,2024-05-06,Manufacturing,Asia Pacific,Credential Theft,Cybercriminal Group,44909,8.36,0,62.41,3.83,7,68441,0,1,0
INC-00218,2023-05-30,Manufacturing,Asia Pacific,Credential Theft,Hacktivist,40444,2.64,79312,47.48,4.06,8,29046,1,1,0
INC-00219,2024-05-21,Energy,Europe,Supply Chain,Hacktivist,166928,26.05,75392,13.77,7.85,9,0,0,1,0
INC-00220,2024-02-16,Healthcare,Europe,Ransomware,Unknown,125441,35.69,0,7.86,6.91,9,229329,0,1,0
INC-00221,2024-12-04,Retail,Latin America,Supply Chain,Hacktivist,95651,26.71,0,9.86,8.1,3,8993,0,1,1
INC-00222,2024-04-20,Retail,Europe,Supply Chain,Hacktivist,98151,25.49,101638,1,5.36,15,0,1,1,0
INC-00223,2023-05-01,Healthcare,Asia Pacific,Phishing,Hacktivist,11428,44.04,58308,22.18,8.33,7,45341,0,1,0
INC-00224,2022-03-17,Retail,Middle East & Africa,Supply Chain,Cybercriminal Group,43139,6.81,81769,1,4.36,13,29329,1,1,0
INC-00225,2021-11-10,Finance,Latin America,DDoS,State-Sponsored,129554,32.02,79029,48.69,7.03,14,8523,0,0,0
INC-00226,2022-02-27,Healthcare,Europe,Insider Threat,Unknown,84011,0.5,23332,3.05,3.51,9,0,1,0,0
INC-00227,2024-01-14,Energy,Middle East & Africa,Supply Chain,Hacktivist,73159,38.04,95347,58.43,7.76,12,2454,0,1,0
INC-00228,2023-09-06,Retail,Asia Pacific,Supply Chain,State-Sponsored,173076,17.39,0,1,4.21,4,18071,1,0,0
INC-00229,2025-01-10,Education,Asia Pacific,Supply Chain,Hacktivist,284696,43.32,101010,22.28,8.64,7,34907,0,1,0
INC-00230,2022-08-22,Education,Latin America,Credential Theft,Unknown,80343,53.88,112957,16.93,8.69,12,23831,0,1,0
INC-00231,2023-05-02,Manufacturing,Europe,Phishing,Hacktivist,191908,5.65,102688,47.52,4.51,16,0,0,1,0
INC-00232,2024-07-12,Retail,Asia Pacific,Malware,Cybercriminal Group,86019,19.04,24161,29.83,5.33,13,34258,1,0,1
INC-00233,2025-03-17,Government,North America,Phishing,Hacktivist,318269,30.17,49459,39.18,5.24,14,0,0,0,0
INC-00234,2025-03-04,Finance,North America,DDoS,Hacktivist,39482,44.14,83836,34.92,7.32,6,0,0,0,0
INC-00235,2024-01-29,Finance,Asia Pacific,Credential Theft,Cybercriminal Group,88842,0.5,32680,70.49,7.78,14,93224,0,1,0
INC-00236,2024-03-25,Manufacturing,Latin America,Phishing,Hacktivist,66698,13.65,58399,57.44,6.41,20,0,0,1,0
INC-00237,2022-09-01,Retail,Asia Pacific,Malware,Unknown,85211,37.68,0,2.34,3.7,4,22750,0,0,0
INC-00238,2022-06-25,Finance,Latin America,Malware,Hacktivist,49902,12.07,0,24.04,4.23,4,0,0,0,0
INC-00239,2021-06-04,Manufacturing,Latin America,DDoS,Hacktivist,20273,16.36,73495,21.61,3.5,14,11597,1,0,0
INC-00240,2024-12-24,Government,Latin America,Malware,Cybercriminal Group,61234,10.45,0,7.7,3.54,10,25413,1,0,0
INC-00241,2021-04-04,Manufacturing,Asia Pacific,Credential Theft,Insider,133848,7.88,24048,56.29,5.94,16,14269,1,1,0
INC-00242,2024-09-19,Technology,Asia Pacific,Supply Chain,Hacktivist,236527,35.86,65873,47.75,5.5,9,32982,0,0,0
INC-00243,2021-06-21,Retail,Asia Pacific,Phishing,Cybercriminal Group,681849,34.6,12406,1,7.94,7,6138,0,1,0
INC-00244,2021-02-18,Healthcare,Latin America,Phishing,Insider,102713,11.2,50366,32.52,6.2,13,42435,1,0,0
INC-00245,2024-02-19,Manufacturing,North America,Supply Chain,Cybercriminal Group,31055,39.5,62583,45.19,7.32,10,61894,1,1,1
INC-00246,2023-01-29,Education,Latin America,Credential Theft,State-Sponsored,39663,58.26,0,54.77,9.07,9,0,1,1,0
INC-00247,2022-10-20,Manufacturing,Latin America,Ransomware,Unknown,104030,29.57,0,13.59,6.07,16,23041,1,1,0
INC-00248,2024-10-02,Government,Europe,Insider Threat,Unknown,66555,32.0,0,28.84,7.5,14,62718,0,1,0
INC-00249,2021-04-02,Retail,Europe,Malware,Insider,59266,38.84,0,37.24,7.26,7,0,0,0,1
INC-00250,2023-07-16,Energy,Latin America,Malware,State-Sponsored,205027,51.44,162441,61.34,6.62,10,42165,1,0,0
INC-00251,2025-03-20,Retail,North America,DDoS,State-Sponsored,29430,12.81,0,66.98,4.46,18,0,0,0,0
INC-00252,2022-05-23,Manufacturing,Asia Pacific,DDoS,State-Sponsored,87101,31.94,72894,1.96,6.0,6,3353,0,1,0
INC-00253,2022-05-19,Education,Asia Pacific,Insider Threat,Cybercriminal Group,50543,29.84,63389,71.89,6.01,7,0,0,1,0
INC-00254,2021-10-12,Government,Europe,Malware,Hacktivist,28507,17.81,0,60.1,5.55,5,0,1,0,0
INC-00255,2024-09-14,Government,Asia Pacific,Ransomware,State-Sponsored,22345,36.65,277129,56.5,7.23,15,306877,0,1,0
INC-00256,2023-07-03,Technology,Latin America,Ransomware,Cybercriminal Group,11280,27.76,108150,69.38,7.62,15,7098,0,1,0
INC-00257,2024-07-25,Education,Latin America,Insider Threat,Cybercriminal Group,35304,31.48,0,46.91,6.38,18,11259,1,0,0
INC-00258,2021-07-10,Retail,Europe,DDoS,Insider,64258,60.62,0,8.47,7.17,9,0,1,1,0
INC-00259,2021-02-04,Technology,Europe,Phishing,Cybercriminal Group,69592,67.16,8041,1,8.03,9,0,0,1,0
INC-00260,2022-07-18,Manufacturing,Europe,Malware,Unknown,10765,47.67,0,79.74,6.26,7,0,0,0,0
INC-00261,2024-10-08,Retail,Asia Pacific,DDoS,Insider,352402,22.12,0,24.53,4.62,17,0,0,0,0
INC-00262,2024-05-19,Manufacturing,Latin America,DDoS,State-Sponsored,23589,18.54,72607,10.75,5.71,13,0,1,1,0
INC-00263,2023-11-12,Healthcare,Europe,Ransomware,Unknown,558810,21.49,0,1,6.64,10,112077,0,1,0
INC-00264,2021-05-26,Technology,Asia Pacific,Ransomware,Insider,50389,49.14,290597,23.48,9.76,11,35092,1,1,0
INC-00265,2021-04-24,Education,Europe,Supply Chain,Hacktivist,38640,30.16,39705,28.9,7.57,13,0,0,1,0
INC-00266,2022-01-09,Healthcare,Europe,Ransomware,Insider,127018,0.7,18030,26.6,4.81,14,13383,1,0,0
INC-00267,2021-05-21,Energy,Latin America,Ransomware,Hacktivist,28083,38.49,286765,3.99,3.18,10,0,0,0,0
INC-00268,2022-06-25,Government,Latin America,Malware,Hacktivist,173584,27.91,0,74.5,7.92,11,90253,0,1,0
INC-00269,2024-09-21,Finance,Europe,DDoS,Insider,33835,38.53,20489,47.9,6.68,11,3709,1,0,0
INC-00270,2023-06-25,Finance,Latin America,Supply Chain,Cybercriminal Group,83264,34.37,94968,36.18,8.08,10,0,0,1,1
INC-00271,2021-12-01,Finance,Europe,Insider Threat,Insider,147310,36.57,0,31.69,5.13,4,2061,1,0,0
INC-00272,2024-10-27,Technology,Latin America,DDoS,Insider,61301,55.15,18340,33.29,5.34,12,9049,0,0,0
INC-00273,2023-12-11,Healthcare,Asia Pacific,Credential Theft,Cybercriminal Group,422680,43.71,16019,22.59,6.79,9,30355,1,0,0
INC-00274,2023-01-11,Energy,North America,DDoS,State-Sponsored,72405,4.27,112228,1,2.84,8,0,1,0,0
INC-00275,2022-08-22,Technology,Latin America,Credential Theft,State-Sponsored,121403,37.95,34416,31.02,7.83,10,0,0,1,0
INC-00276,2024-07-09,Manufacturing,Asia Pacific,Malware,Insider,108314,42.1,61434,1,5.55,7,13695,0,0,0
INC-00277,2022-04-20,Technology,Latin America,Credential Theft,Insider,470985,19.65,23945,24.25,7.48,10,0,1,1,0
INC-00278,2024-06-24,Technology,Asia Pacific,DDoS,Hacktivist,13089,30.91,0,21.3,4.69,7,12942,0,0,0
INC-00279,2021-02-18,Healthcare,Latin America,DDoS,Hacktivist,40195,34.34,173499,28.85,8.58,21,9254,0,1,0
INC-00280,2021-05-21,Technology,Latin America,Credential Theft,Hacktivist,80269,18.72,46154,39.37,3.06,12,72612,1,0,0
INC-00281,2022-10-16,Retail,North America,DDoS,State-Sponsored,23576,39.29,19236,38.32,5.06,16,24737,1,0,0
INC-00282,2023-04-07,Retail,Europe,Malware,Cybercriminal Group,81071,0.5,9662,44.22,3.77,18,0,1,0,1
INC-00283,2023-07-18,Manufacturing,Latin America,Credential Theft,Hacktivist,117924,10.36,63602,32.67,5.31,11,15839,1,1,0
INC-00284,2023-05-08,Energy,Asia Pacific,Malware,Insider,8416,24.75,98001,20.11,4.05,15,41157,1,0,0
INC-00285,2021-06-13,Technology,Middle East & Africa,Malware,Insider,67450,35.82,15249,45.08,5.31,2,0,0,0,0
INC-00286,2024-05-29,Energy,North America,Ransomware,Insider,141337,40.87,200632,30.15,5.14,11,27065,1,0,0
INC-00287,2022-01-27,Manufacturing,Latin America,Supply Chain,State-Sponsored,358378,24.8,0,39.45,8.21,13,22447,1,1,1
INC-00288,2024-01-20,Healthcare,Latin America,Ransomware,Hacktivist,236751,22.74,0,53.28,7.37,10,0,0,0,0
INC-00289,2023-11-22,Energy,Latin America,Supply Chain,Insider,126837,34.41,82323,27.94,8.39,12,61722,0,1,1
INC-00290,2022-08-01,Manufacturing,Europe,Ransomware,State-Sponsored,243812,20.39,107206,24.94,5.49,9,44115,1,1,0
INC-00291,2023-01-09,Retail,Latin America,DDoS,Hacktivist,79799,34.4,39735,53.41,7.02,6,43159,0,1,0
INC-00292,2022-08-06,Energy,Latin America,Ransomware,Unknown,54902,44.83,90472,31.1,7.51,10,35706,0,1,0
INC-00293,2022-05-11,Manufacturing,Asia Pacific,Phishing,Hacktivist,107957,60.92,17136,99.54,8.51,8,18229,0,0,0
INC-00294,2022-04-02,Energy,Asia Pacific,Supply Chain,Cybercriminal Group,173063,0.5,124421,45.55,3.75,12,0,0,0,0
INC-00295,2023-06-13,Government,Latin America,Insider Threat,Insider,395663,26.02,91610,19.05,8.43,2,67215,0,1,0
INC-00296,2023-02-03,Technology,Latin America,Ransomware,Hacktivist,26524,41.14,129881,33.1,8.38,10,53060,0,1,0
INC-00297,2021-09-23,Healthcare,Asia Pacific,Credential Theft,Hacktivist,207765,0.5,36141,44.1,3.64,12,0,0,0,0
INC-00298,2023-01-17,Healthcare,Middle East & Africa,Phishing,Hacktivist,31359,16.47,74093,41.55,4.43,8,65220,1,0,0
INC-00299,2021-06-04,Manufacturing,Europe,Malware,State-Sponsored,26481,8.53,0,6.37,4.98,11,12811,1,1,0
INC-00300,2024-11-02,Manufacturing,Europe,Malware,Hacktivist,59263,42.2,90825,36.56,5.96,9,17582,0,0,0
INC-00301,2022-03-02,Manufacturing,North America,Insider Threat,Hacktivist,59245,33.32,67346,49.02,5.94,16,2090,0,0,0
INC-00302,2022-01-30,Manufacturing,Europe,Malware,State-Sponsored,333270,62.18,5801,23.7,6.27,8,0,0,0,0
INC-00303,2023-01-27,Government,Latin America,Credential Theft,Unknown,155933,0.5,9899,46.76,6.35,9,69839,0,1,0
INC-00304,2025-03-17,Retail,Europe,Ransomware,Insider,164885,2.34,156006,11.74,3.57,8,33775,1,0,0
INC-00305,2021-10-16,Energy,Europe,Phishing,Cybercriminal Group,409515,46.99,116675,64.16,8.06,9,6742,0,1,0
INC-00306,2023-10-24,Technology,Middle East & Africa,Ransomware,Unknown,75277,0.5,1327,71.28,2.11,10,41003,0,0,0
INC-00307,2022-12-20,Retail,Latin America,Insider Threat,Hacktivist,46185,53.09,43288,26.84,7.39,13,16966,0,1,0
INC-00308,2022-09-28,Energy,Europe,Credential Theft,Insider,233407,0.5,83292,66.27,5.12,15,62312,0,0,0
INC-00309,2023-08-21,Energy,Latin America,Supply Chain,Insider,48877,57.06,18967,32.97,9.56,9,32646,0,1,0
INC-00310,2022-05-31,Finance,Europe,Phishing,Unknown,154879,12.68,99023,19.59,4.52,6,22842,1,0,0
INC-00311,2021-04-20,Energy,North America,Malware,Hacktivist,174753,35.24,69169,45.81,8.52,13,67286,0,1,1
INC-00312,2022-11-27,Education,Europe,DDoS,Cybercriminal Group,177066,20.03,83673,28.57,3.39,21,0,1,0,0
INC-00313,2021-12-08,Technology,Europe,Credential Theft,Cybercriminal Group,249135,35.84,0,68.32,7.25,17,0,0,0,0
INC-00314,2023-06-13,Finance,Middle East & Africa,Supply Chain,Cybercriminal Group,191447,12.81,12265,42.83,7.7,7,17271,0,1,0
INC-00315,2021-09-22,Government,Middle East & Africa,Insider Threat,Hacktivist,114514,24.51,21352,24.71,5.35,14,0,1,1,0
INC-00316,2024-08-28,Healthcare,Middle East & Africa,Ransomware,Cybercriminal Group,203397,23.72,146222,45.86,7.92,13,22399,0,1,1
INC-00317,2023-06-18,Retail,Europe,Phishing,State-Sponsored,80817,25.24,42565,51.36,4.23,13,0,1,0,0
INC-00318,2023-11-11,Technology,Europe,Credential Theft,State-Sponsored,84462,13.03,0,17.82,5.96,14,18570,1,1,0
INC-00319,2023-01-18,Healthcare,North America,Ransomware,Unknown,386768,33.66,98888,57.15,7.34,15,28125,0,0,0
INC-00320,2024-05-29,Healthcare,Asia Pacific,Insider Threat,Insider,68785,55.46,38817,25.02,7.94,5,59267,0,0,0
INC-00321,2021-08-18,Technology,Europe,DDoS,Hacktivist,48939,19.4,54504,30.32,3.48,9,7113,1,0,0
INC-00322,2023-06-25,Finance,Asia Pacific,Ransomware,Cybercriminal Group,75957,25.93,182930,29.28,5.83,9,215263,1,1,0
INC-00323,2024-07-20,Energy,North America,Phishing,State-Sponsored,83017,44.18,73613,24.99,5.57,8,5550,0,0,0
INC-00324,2023-11-21,Manufacturing,North America,DDoS,State-Sponsored,33280,41.69,71613,35.03,6.61,10,19083,1,0,0
INC-00325,2023-03-26,Finance,Asia Pacific,Ransomware,Insider,10707,13.72,208155,33.57,6.02,5,61162,1,1,0
INC-00326,2022-11-21,Education,Middle East & Africa,Phishing,Hacktivist,96519,51.24,2841,60.01,6.71,11,0,1,0,0
INC-00327,2023-12-24,Government,Latin America,Credential Theft,Insider,142916,46.33,0,14.62,6.41,18,127822,1,1,0
INC-00328,2022-03-30,Healthcare,Asia Pacific,Phishing,Insider,242884,0.5,0,35.75,3.38,15,35937,1,0,0
INC-00329,2022-06-11,Finance,Latin America,Supply Chain,Unknown,195866,27.18,74608,57.51,8.89,10,212173,0,1,0
INC-00330,2024-03-22,Finance,North America,Insider Threat,Cybercriminal Group,135908,18.1,126209,17.72,4.79,11,180446,1,1,0
INC-00331,2024-12-19,Finance,North America,Supply Chain,Cybercriminal Group,36350,5.61,8147,43.15,6.02,12,53763,1,1,0
INC-00332,2021-10-03,Finance,Asia Pacific,DDoS,Insider,38076,22.07,13985,19.2,5.58,18,35668,1,0,0
INC-00333,2025-01-18,Manufacturing,Asia Pacific,Credential Theft,Hacktivist,32939,39.43,313,16.26,6.38,16,30549,0,0,0
INC-00334,2024-05-04,Retail,North America,Credential Theft,Cybercriminal Group,623628,48.88,0,14.28,9.51,15,32058,1,1,0
INC-00335,2021-06-16,Finance,Latin America,Malware,Cybercriminal Group,171263,62.19,38727,17.95,10,19,43530,0,1,0
INC-00336,2021-02-08,Technology,Asia Pacific,Phishing,Hacktivist,59105,11.32,71013,47.02,5.19,6,15618,1,0,0
INC-00337,2023-04-01,Healthcare,Asia Pacific,Insider Threat,Cybercriminal Group,71801,32.48,27998,37.96,7.38,10,132112,0,1,0
INC-00338,2021-07-01,Government,Middle East & Africa,Malware,Hacktivist,72312,45.42,0,39.01,8.61,11,926,0,0,1
INC-00339,2025-01-17,Technology,Latin America,Supply Chain,Insider,46211,30.32,61846,38.63,5.33,2,0,0,0,0
INC-00340,2024-10-28,Healthcare,Latin America,Ransomware,State-Sponsored,662050,31.64,102741,20.65,8.87,12,0,0,1,0
INC-00341,2025-01-22,Healthcare,Europe,Credential Theft,Unknown,235818,53.77,31106,10.54,7.57,11,13643,1,0,0
INC-00342,2024-10-29,Government,Europe,Phishing,Cybercriminal Group,511300,37.62,33100,14.32,9.69,14,248577,0,1,0
INC-00343,2022-08-07,Energy,Latin America,Supply Chain,Cybercriminal Group,190130,0.5,57042,41.87,3.6,10,0,0,0,0
INC-00344,2021-06-25,Technology,Middle East & Africa,Insider Threat,Unknown,47511,54.48,0,16.09,5.71,10,46894,1,0,0
INC-00345,2024-12-31,Government,Latin America,Supply Chain,Insider,2700,63.11,55603,67.68,10,14,19317,1,1,1
INC-00346,2022-05-01,Government,Middle East & Africa,Supply Chain,Hacktivist,108808,24.49,0,81.12,7.29,6,107454,1,1,0
INC-00347,2022-01-12,Finance,Asia Pacific,Insider Threat,Cybercriminal Group,151184,39.65,3918,44.95,8.92,13,155781,0,1,1
INC-00348,2021-05-24,Manufacturing,North America,DDoS,Insider,29855,19.05,1549,54.65,4.35,6,0,0,0,0
INC-00349,2021-05-05,Healthcare,Latin America,Ransomware,State-Sponsored,52951,27.58,46859,25.04,6.85,10,156157,0,1,0
INC-00350,2023-11-24,Education,Asia Pacific,Credential Theft,Hacktivist,371945,7.01,28528,84.3,6.83,10,15855,0,0,1
INC-00351,2024-08-21,Healthcare,Europe,DDoS,Unknown,163824,36.93,57955,92.28,9.34,4,128081,0,1,0
INC-00352,2022-04-28,Manufacturing,Asia Pacific,Ransomware,Insider,38896,20.56,197815,64.95,7.18,10,7597,1,1,0
INC-00353,2024-12-14,Government,Latin America,DDoS,Insider,44217,34.09,35195,58.24,6.89,8,11221,0,0,0
INC-00354,2023-01-13,Technology,Latin America,Credential Theft,Unknown,29315,18.03,57170,35.54,5.15,10,49647,1,0,0
INC-00355,2025-02-18,Government,Asia Pacific,Credential Theft,Hacktivist,120858,31.26,47412,38.48,7.66,9,171967,0,1,0
INC-00356,2022-01-16,Retail,Middle East & Africa,Ransomware,Unknown,68563,29.06,338900,1,4.98,12,0,1,1,0
INC-00357,2021-12-07,Retail,North America,Insider Threat,Insider,45696,51.07,42761,50.2,6.87,17,12613,0,0,0
INC-00358,2022-04-07,Finance,Europe,Malware,Cybercriminal Group,206955,12.7,0,29.85,7.03,9,7319,0,0,1
INC-00359,2024-07-09,Energy,Europe,Phishing,State-Sponsored,69075,17.66,0,2.95,4.53,4,0,1,0,0
INC-00360,2022-11-15,Finance,Middle East & Africa,Phishing,State-Sponsored,43579,11.83,0,47.61,6.42,3,0,0,0,0
INC-00361,2024-05-13,Energy,Latin America,Insider Threat,State-Sponsored,44368,17.05,66050,30.84,4.18,9,22294,1,0,0
INC-00362,2021-09-01,Retail,Middle East & Africa,Ransomware,State-Sponsored,27636,33.72,62271,32.38,6.05,10,12121,0,1,0
INC-00363,2022-03-17,Retail,Europe,Ransomware,Unknown,114114,33.58,311717,1,6.62,9,3341,0,1,0
INC-00364,2023-04-12,Technology,Middle East & Africa,DDoS,Insider,18429,22.21,108268,40.32,5.9,12,52649,1,0,0
INC-00365,2021-04-02,Retail,Latin America,Supply Chain,Hacktivist,278426,13.13,65340,45.4,6.38,13,3820,1,1,0
INC-00366,2024-04-15,Finance,Latin America,Supply Chain,Unknown,64154,18.09,79127,68.62,8.57,8,0,1,1,0
INC-00367,2021-10-25,Energy,Asia Pacific,DDoS,Hacktivist,76721,27.97,6118,38.04,4.67,11,28510,1,0,0
INC-00368,2024-03-23,Healthcare,Asia Pacific,DDoS,Insider,74632,19.11,101147,77.99,8.08,13,0,0,1,0
INC-00369,2021-10-08,Healthcare,Asia Pacific,Insider Threat,State-Sponsored,22934,11.28,89627,38.21,7.59,18,23474,0,1,0
INC-00370,2024-01-02,Education,Latin America,Supply Chain,Hacktivist,236603,45.65,108867,44.87,9.54,7,37671,0,1,1
INC-00371,2021-05-15,Technology,Europe,Ransomware,Unknown,34061,11.47,234230,32.5,5.2,23,0,1,1,0
INC-00372,2022-09-26,Finance,Middle East & Africa,Ransomware,Unknown,52184,27.21,119516,1,4.97,6,0,0,0,0
INC-00373,2022-10-01,Manufacturing,Middle East & Africa,Insider Threat,Unknown,68566,48.11,23140,36.9,8.98,11,0,0,1,0
INC-00374,2023-05-17,Manufacturing,Europe,Supply Chain,Insider,70315,53.47,73978,52.63,7.76,14,28354,0,0,1
INC-00375,2021-05-07,Government,Asia Pacific,Supply Chain,Cybercriminal Group,81103,17.79,31637,1,5.18,10,13109,1,1,0
INC-00376,2022-11-24,Finance,Middle East & Africa,Supply Chain,State-Sponsored,82702,24.61,35560,37.02,6.88,8,0,1,1,0
INC-00377,2023-04-09,Manufacturing,Middle East & Africa,Insider Threat,Unknown,56093,28.63,35556,43.17,7.58,10,29476,0,1,0
INC-00378,2024-09-21,Retail,Asia Pacific,Supply Chain,Unknown,46315,25.87,1663,31.74,6.21,11,34544,0,1,0
INC-00379,2021-04-09,Manufacturing,Europe,Credential Theft,State-Sponsored,145788,14.58,0,36.49,5.78,11,0,1,1,0
INC-00380,2021-01-17,Education,Middle East & Africa,Malware,Insider,148399,16.48,41329,44.41,4.37,2,0,0,0,0
INC-00381,2024-11-06,Retail,Europe,Credential Theft,Unknown,27358,34.15,106041,26.85,6.85,8,0,0,1,0
INC-00382,2022-06-15,Retail,Latin America,Malware,Insider,83914,31.05,32672,30.87,4.23,13,0,0,0,0
INC-00383,2022-01-11,Energy,Asia Pacific,Credential Theft,Unknown,168135,43.13,59785,53.93,9.25,14,24327,0,1,0
INC-00384,2024-04-28,Government,North America,Phishing,Unknown,29471,21.11,18417,27.47,5.0,13,0,0,0,0
INC-00385,2021-03-18,Technology,Europe,Supply Chain,Insider,566122,62.41,51682,71.99,10,12,30526,0,1,1
INC-00386,2021-06-12,Technology,Europe,Phishing,Unknown,41331,0.65,55352,75.12,3.3,15,36568,1,0,0
INC-00387,2024-02-02,Healthcare,Latin America,DDoS,Cybercriminal Group,229232,25.73,0,34.6,7.52,11,0,1,1,0
INC-00388,2024-12-19,Manufacturing,Latin America,Malware,Cybercriminal Group,13812,13.53,70494,19.89,4.08,19,44504,1,0,0
INC-00389,2025-03-27,Retail,Latin America,Malware,Insider,91710,36.26,114057,31.56,7.2,13,70436,0,1,0
INC-00390,2021-12-03,Finance,North America,Supply Chain,Unknown,162690,33.86,56094,48.52,7.73,11,52658,0,1,0
INC-00391,2022-09-13,Education,Asia Pacific,Ransomware,Hacktivist,43350,22.86,288833,19.96,4.7,12,16313,1,0,0
INC-00392,2022-12-15,Energy,North America,Ransomware,State-Sponsored,85931,4.34,180807,7.29,2.69,6,1478,1,0,0
INC-00393,2023-12-04,Finance,Asia Pacific,Phishing,Cybercriminal Group,36796,10.68,104232,41.22,4.65,19,20346,0,0,0
INC-00394,2022-02-16,Healthcare,North America,DDoS,Unknown,146795,7.46,17488,32.26,3.68,9,25196,1,0,0
INC-00395,2025-02-18,Healthcare,Asia Pacific,Credential Theft,Cybercriminal Group,170963,26.21,3076,40.43,5.58,6,0,0,0,0
INC-00396,2022-12-05,Finance,North America,Insider Threat,State-Sponsored,27760,31.76,0,21.86,7.1,15,302760,0,1,0
INC-00397,2021-04-08,Government,Middle East & Africa,Insider Threat,Cybercriminal Group,312119,40.67,54951,1,8.19,11,33449,1,1,0
INC-00398,2024-02-21,Education,Asia Pacific,Supply Chain,Cybercriminal Group,25884,40.58,0,17.11,7.43,9,0,1,1,1
INC-00399,2023-03-27,Finance,North America,Insider Threat,Unknown,45609,60.46,63915,6.5,10,9,40708,1,1,1
INC-00400,2023-12-23,Education,Latin America,Supply Chain,Cybercriminal Group,43028,35.14,1836,41.37,6.9,4,10861,0,1,0
INC-00401,2021-10-29,Education,Europe,Supply Chain,Unknown,79350,65.27,0,35.86,8.51,6,14232,0,1,0
INC-00402,2022-04-25,Education,Asia Pacific,Malware,Cybercriminal Group,76525,42.8,0,40.8,5.28,13,5156,1,0,0
INC-00403,2024-02-27,Finance,Middle East & Africa,Credential Theft,Cybercriminal Group,39075,39.37,50563,43.64,5.66,5,52778,0,0,0
INC-00404,2023-09-08,Technology,Latin America,DDoS,Unknown,128135,0.5,0,15.28,3.22,3,1575,1,0,0
INC-00405,2023-10-04,Government,Europe,Malware,Insider,41488,25.85,9642,43.53,8.38,10,50368,0,0,1
INC-00406,2024-11-22,Retail,Latin America,Credential Theft,Cybercriminal Group,498139,39.37,58998,36.91,9.11,8,0,1,1,0
INC-00407,2023-07-20,Retail,North America,Malware,Hacktivist,49303,48.77,46106,51.59,7.02,12,0,0,0,1
INC-00408,2022-02-23,Retail,Middle East & Africa,DDoS,Unknown,51240,56.78,57100,46.04,6.55,12,16200,1,0,0
INC-00409,2023-11-21,Manufacturing,Asia Pacific,Phishing,State-Sponsored,212671,8.96,7457,26.73,4.17,10,12210,1,0,0
INC-00410,2024-02-29,Government,North America,Ransomware,Hacktivist,88261,39.16,98065,26.8,8.53,9,50375,0,1,0
INC-00411,2021-02-15,Technology,Latin America,Supply Chain,State-Sponsored,97823,5.46,78234,57.8,5.67,16,0,0,1,0
INC-00412,2023-05-03,Energy,Europe,Credential Theft,Hacktivist,159019,20.46,55774,18.07,6.55,9,0,0,1,0
INC-00413,2021-02-05,Technology,Asia Pacific,Malware,Cybercriminal Group,175469,16.14,31590,49.46,3.53,12,0,1,0,0
INC-00414,2022-11-23,Energy,North America,Insider Threat,Unknown,162724,19.88,21485,47.86,5.32,13,25550,0,0,0
INC-00415,2024-04-13,Education,Europe,Malware,Unknown,191183,9.87,0,23.37,5.26,13,23001,0,0,1
INC-00416,2024-02-02,Government,Middle East & Africa,Insider Threat,Hacktivist,65328,26.31,126406,38.02,7.64,6,0,1,1,0
INC-00417,2021-12-12,Technology,North America,Supply Chain,Hacktivist,72976,9.39,56980,44.48,5.46,11,0,0,1,0
INC-00418,2024-06-26,Manufacturing,Europe,Credential Theft,Cybercriminal Group,38644,24.72,80240,18.24,5.84,8,0,1,1,0
INC-00419,2024-02-25,Education,Asia Pacific,Insider Threat,Insider,35219,31.05,33274,52.42,6.01,16,0,0,0,0
INC-00420,2025-02-10,Education,Latin America,Phishing,State-Sponsored,99856,27.08,0,12.35,4.19,6,86967,1,0,0
INC-00421,2024-09-12,Government,North America,Insider Threat,Cybercriminal Group,19336,24.01,27590,46.61,5.11,13,28168,1,0,0
INC-00422,2024-02-03,Healthcare,Europe,Supply Chain,Insider,134994,10.84,156778,44.48,5.82,2,52092,1,0,0
INC-00423,2021-11-27,Government,Europe,DDoS,Unknown,309847,23.01,29144,4.6,5.25,13,21998,1,0,0
INC-00424,2024-09-24,Manufacturing,Europe,Credential Theft,Unknown,94936,18.39,50512,30.51,5.44,11,0,1,0,0
INC-00425,2025-01-08,Technology,Europe,Phishing,Cybercriminal Group,57187,42.28,108921,17.61,2.98,7,31172,0,0,0
INC-00426,2024-06-06,Technology,Middle East & Africa,Malware,Insider,97857,55.48,0,1,7.43,13,33637,0,0,1
INC-00427,2023-11-23,Finance,Latin America,Phishing,Unknown,70960,39.31,75,56.81,6.16,13,42275,0,0,0
INC-00428,2024-01-25,Government,Asia Pacific,Supply Chain,Cybercriminal Group,13077,44.44,49084,29.37,10,11,32509,0,1,1
INC-00429,2022-02-18,Education,North America,Insider Threat,Hacktivist,112859,41.66,63106,31.91,6.52,16,15781,1,1,0
INC-00430,2021-10-13,Retail,Latin America,Malware,Unknown,92103,23.14,0,47.91,4.54,12,55661,0,1,0
INC-00431,2023-10-03,Manufacturing,North America,Ransomware,Unknown,33016,44.4,99791,54.78,8.07,16,36781,0,1,0
INC-00432,2022-08-31,Energy,North America,Ransomware,Unknown,304254,53.97,203703,25.47,7.56,13,24250,0,0,0
INC-00433,2024-11-06,Healthcare,Asia Pacific,Malware,Unknown,94809,71.97,81122,66.05,8.71,5,0,0,0,0
INC-00434,2021-09-30,Government,Europe,Supply Chain,Hacktivist,44762,21.14,88462,51.82,6.76,12,90480,1,1,0
INC-00435,2021-05-01,Healthcare,Latin America,Malware,State-Sponsored,13389,7.78,0,20.27,4.78,6,15570,1,0,0
INC-00436,2022-01-13,Government,Middle East & Africa,DDoS,Cybercriminal Group,50754,49.17,0,29.23,7.2,14,35740,0,0,0
INC-00437,2023-06-18,Retail,Middle East & Africa,Ransomware,Unknown,103699,33.66,112779,76.02,7.91,17,17074,0,1,0
INC-00438,2023-07-15,Education,Europe,Malware,Cybercriminal Group,119588,63.91,0,28.68,6.23,7,43489,0,0,0
INC-00439,2021-12-18,Retail,Asia Pacific,Insider Threat,Hacktivist,19694,48.25,61756,73.15,8.27,9,67561,0,1,0
INC-00440,2024-08-03,Healthcare,Latin America,Ransomware,State-Sponsored,21540,16.73,218090,1,6.54,9,245469,1,1,0
INC-00441,2024-04-17,Healthcare,North America,Phishing,Hacktivist,62353,38.27,35625,29.77,7.94,9,48524,0,0,1
INC-00442,2022-08-06,Manufacturing,Asia Pacific,Ransomware,Hacktivist,27761,26.45,422562,2.16,3.88,8,0,1,0,0
INC-00443,2022-12-21,Manufacturing,Latin America,Insider Threat,Insider,452201,28.96,124020,74.09,5.11,8,10865,0,0,0
INC-00444,2021-03-20,Retail,Europe,Ransomware,State-Sponsored,5795,47.56,277411,3.25,6.59,16,0,1,1,0
INC-00445,2021-03-18,Education,North America,DDoS,Hacktivist,191667,1.9,38453,59.2,3.63,7,43809,1,0,0
INC-00446,2021-04-11,Finance,Latin America,Insider Threat,Cybercriminal Group,20008,74.35,66830,45.25,8.78,11,18742,0,0,0
INC-00447,2022-01-26,Manufacturing,North America,Ransomware,Insider,29854,36.19,227395,12.33,7.39,3,19692,1,1,0
INC-00448,2022-02-24,Manufacturing,Latin America,Ransomware,Cybercriminal Group,34564,36.37,172920,51.82,5.52,8,44530,1,0,0
INC-00449,2021-02-11,Finance,Europe,Malware,Hacktivist,239649,53.79,100465,36.61,8.12,16,0,0,0,1
INC-00450,2022-12-31,Finance,Middle East & Africa,DDoS,Cybercriminal Group,89940,1.68,66836,31.97,5.08,11,47445,1,0,0
INC-00451,2022-07-12,Technology,North America,Insider Threat,Cybercriminal Group,49267,32.73,0,47.58,6.59,12,0,0,1,0
INC-00452,2024-02-24,Education,North America,DDoS,Insider,165796,21.45,0,40.0,4.86,14,25980,0,0,0
INC-00453,2024-06-14,Government,North America,Phishing,Insider,39452,3.4,111843,33.58,4.93,10,36350,1,0,0
INC-00454,2023-07-25,Finance,Asia Pacific,Supply Chain,Cybercriminal Group,218242,23.44,47174,17.91,6.45,2,100913,0,1,0
INC-00455,2021-11-10,Energy,Middle East & Africa,Credential Theft,Cybercriminal Group,420937,19.02,159787,49.97,7.77,10,0,0,1,0
INC-00456,2021-04-21,Education,Latin America,Insider Threat,Unknown,83175,3.33,42044,66.76,5.74,18,20932,1,1,0
INC-00457,2024-03-07,Government,Asia Pacific,Malware,Cybercriminal Group,64658,25.71,91197,1,5.86,17,31696,1,0,0
INC-00458,2021-04-23,Finance,Middle East & Africa,Insider Threat,State-Sponsored,15470,16.65,0,43.68,7.71,4,0,0,1,0
INC-00459,2021-02-25,Manufacturing,North America,Phishing,Cybercriminal Group,7267,0.5,79728,36.4,3.0,8,0,1,0,0
INC-00460,2022-11-22,Technology,Latin America,Ransomware,Unknown,22247,70.86,240884,20.29,6.76,9,39864,0,0,0
INC-00461,2022-09-29,Healthcare,Latin America,Phishing,Insider,8065,0.5,0,46.49,3.5,9,0,0,0,0
INC-00462,2022-11-20,Manufacturing,Europe,Credential Theft,Unknown,89023,43.87,10592,51.67,7.72,13,0,0,1,0
INC-00463,2024-11-24,Energy,Europe,Supply Chain,Unknown,663994,18.44,38264,63.22,8.01,8,45134,0,1,0
INC-00464,2023-09-21,Energy,Latin America,Ransomware,Unknown,299677,29.09,108649,21.22,7.51,15,40348,0,1,0
INC-00465,2024-05-04,Technology,North America,DDoS,State-Sponsored,94477,61.97,57369,25.0,8.0,8,92435,0,0,0
INC-00466,2023-02-17,Government,Latin America,Malware,Cybercriminal Group,14470,14.72,29322,58.05,5.86,6,0,0,0,0
INC-00467,2024-06-29,Manufacturing,Latin America,DDoS,Unknown,51687,52.5,0,33.42,5.12,5,0,0,0,0
INC-00468,2023-01-29,Healthcare,Europe,Ransomware,Hacktivist,49535,21.3,181488,65.48,7.25,10,137013,0,1,0
INC-00469,2021-04-19,Technology,Middle East & Africa,Credential Theft,State-Sponsored,118239,5.37,73893,32.85,5.7,13,10271,1,0,0
INC-00470,2021-09-30,Retail,Asia Pacific,Ransomware,Insider,60749,41.15,201328,41.68,5.21,10,0,0,0,0
INC-00471,2023-12-06,Education,Middle East & Africa,Malware,Cybercriminal Group,75365,37.67,32440,47.95,7.36,8,4522,1,1,0
INC-00472,2023-04-21,Technology,Latin America,Insider Threat,Cybercriminal Group,44673,35.67,0,73.72,8.64,8,0,0,1,1
INC-00473,2023-07-27,Retail,Asia Pacific,Malware,Insider,44300,0.5,41174,39.0,3.67,4,65025,1,0,0
INC-00474,2022-11-11,Education,Asia Pacific,Insider Threat,State-Sponsored,4668,23.78,13498,22.56,6.02,6,31098,1,1,0
INC-00475,2021-04-21,Education,Middle East & Africa,Malware,State-Sponsored,106001,25.05,0,18.7,7.41,11,33541,0,0,1
INC-00476,2021-02-16,Energy,Latin America,Ransomware,Unknown,34960,14.74,174720,12.51,4.82,11,0,1,1,0
INC-00477,2024-12-06,Manufacturing,Middle East & Africa,Phishing,Insider,183519,17.5,0,41.75,6.37,17,80806,1,0,1
INC-00478,2022-01-14,Finance,Middle East & Africa,Credential Theft,State-Sponsored,290714,46.42,60590,28.34,8.76,10,85848,0,1,0
INC-00479,2021-09-01,Education,Middle East & Africa,Supply Chain,State-Sponsored,133406,52.27,11189,41.2,8.67,11,49580,0,1,1
INC-00480,2023-06-20,Education,Europe,Credential Theft,Hacktivist,20962,42.43,6071,43.86,6.69,13,10229,0,1,0
INC-00481,2024-05-16,Retail,Middle East & Africa,DDoS,Insider,9133,0.5,23264,89.39,4.12,15,49847,0,0,0
INC-00482,2025-02-24,Healthcare,Middle East & Africa,Credential Theft,Insider,735111,35.32,0,28.64,9.76,12,286439,0,1,0
INC-00483,2023-06-13,Government,Asia Pacific,Insider Threat,Cybercriminal Group,59106,0.5,45842,25.28,3.9,6,16525,1,0,0
INC-00484,2024-12-26,Government,Middle East & Africa,Malware,Cybercriminal Group,11790,8.9,62846,37.02,4.85,13,30562,1,0,0
INC-00485,2024-08-27,Manufacturing,North America,DDoS,Insider,4658,50.85,69043,52.37,8.35,15,22928,1,1,0
INC-00486,2022-07-02,Education,Middle East & Africa,DDoS,Hacktivist,13178,43.41,0,27.71,6.45,11,0,0,0,0
INC-00487,2021-02-13,Finance,Europe,Ransomware,Insider,47087,19.79,375950,1,6.16,8,291299,1,1,0
INC-00488,2024-08-29,Finance,Asia Pacific,Insider Threat,Insider,39971,20.55,47728,21.81,5.4,9,45164,1,1,0
INC-00489,2021-01-26,Technology,North America,Malware,Cybercriminal Group,40308,5.84,15814,71.51,4.07,8,0,0,0,0
INC-00490,2025-01-12,Government,North America,Ransomware,Hacktivist,29055,32.76,76143,39.65,7.34,9,155336,1,1,0
INC-00491,2023-03-18,Manufacturing,Latin America,Malware,Unknown,136939,65.18,60198,31.97,9.37,15,11599,0,1,0
INC-00492,2021-08-17,Energy,Europe,Supply Chain,Cybercriminal Group,39960,19.88,60449,37.65,6.64,14,97,0,1,1
INC-00493,2024-05-20,Technology,North America,DDoS,State-Sponsored,194586,35.87,19623,26.35,5.16,9,19017,0,0,0
INC-00494,2024-06-28,Healthcare,Latin America,Phishing,Insider,32341,19.95,61374,56.6,8.24,12,137337,0,1,0
INC-00495,2024-06-27,Energy,Middle East & Africa,Phishing,Hacktivist,107495,19.66,0,68.18,5.39,8,0,0,0,0
INC-00496,2023-11-19,Technology,Latin America,Malware,State-Sponsored,558893,29.57,9584,46.72,6.92,19,48829,0,0,0
INC-00497,2023-03-19,Energy,Europe,Ransomware,Hacktivist,41542,0.5,10237,64.93,5.21,11,37574,1,1,0
INC-00498,2021-09-09,Healthcare,Asia Pacific,Phishing,Cybercriminal Group,20667,14.29,49276,59.6,4.98,8,35182,0,0,0
INC-00499,2021-08-24,Healthcare,North America,Credential Theft,Unknown,172447,42.41,0,23.88,8.24,9,0,0,1,0
INC-00500,2022-10-23,Energy,North America,Malware,Cybercriminal Group,42765,35.58,57179,1,4.96,9,3146,0,0,0
INC-00501,2025-02-19,Manufacturing,Europe,Ransomware,Hacktivist,88028,29.51,197317,21.44,5.98,16,0,1,1,0
INC-00502,2022-09-09,Technology,North America,DDoS,Unknown,161913,7.6,106951,38.7,5.0,5,15080,0,1,0
INC-00503,2021-10-15,Government,North America,Malware,State-Sponsored,131914,36.27,96339,18.22,6.69,13,20128,0,0,1
INC-00504,2022-10-27,Healthcare,Middle East & Africa,Phishing,State-Sponsored,47473,37.44,31566,45.41,7.2,14,0,1,0,0
INC-00505,2021-04-13,Retail,Europe,Credential Theft,State-Sponsored,401825,22.5,0,53.14,8.0,8,10049,0,1,0
INC-00506,2021-10-04,Finance,North America,Credential Theft,Hacktivist,258173,13.87,7495,10.78,8.16,18,229670,0,1,0
INC-00507,2021-02-15,Manufacturing,North America,DDoS,Hacktivist,112280,23.66,0,24.81,5.58,9,41268,1,0,0
INC-00508,2023-05-25,Education,Asia Pacific,Phishing,Insider,57999,1.5,0,25.31,3.11,20,37700,1,0,0
INC-00509,2025-02-28,Education,Latin America,Phishing,Unknown,63732,7.58,86802,34.66,4.4,6,19479,1,0,0
INC-00510,2024-12-21,Retail,North America,Insider Threat,Cybercriminal Group,35145,37.54,87988,52.13,6.51,11,52163,0,0,0
INC-00511,2021-06-25,Retail,North America,Insider Threat,Cybercriminal Group,119707,0.5,0,36.52,3.85,8,14685,1,1,0
INC-00512,2023-11-03,Energy,Asia Pacific,DDoS,Insider,67960,27.41,10939,28.98,4.94,16,0,1,0,0
INC-00513,2022-01-13,Finance,Europe,Credential Theft,State-Sponsored,150912,63.42,60048,42.95,8.06,10,8348,0,0,0
INC-00514,2023-02-25,Government,Europe,Phishing,Hacktivist,38870,36.49,51311,12.19,6.34,10,38958,1,0,0
INC-00515,2022-11-22,Retail,Latin America,Ransomware,Hacktivist,61677,28.31,279148,23.0,7.17,16,0,0,0,1
INC-00516,2023-04-18,Retail,Middle East & Africa,Insider Threat,Insider,153625,37.31,97149,67.76,6.59,2,22941,0,1,0
INC-00517,2024-05-16,Energy,Middle East & Africa,Credential Theft,Insider,71898,38.96,25352,1,6.45,16,10790,0,1,0
INC-00518,2021-11-14,Finance,Asia Pacific,Ransomware,Hacktivist,34469,31.69,0,39.42,7.04,7,81961,0,1,0
INC-00519,2021-01-18,Technology,Asia Pacific,Insider Threat,Unknown,64763,49.43,0,53.42,7.32,8,0,0,1,0
INC-00520,2025-03-03,Retail,North America,Malware,Insider,32207,41.7,68603,47.47,5.83,13,57829,0,0,0
INC-00521,2025-03-25,Technology,North America,Credential Theft,Insider,95622,8.65,6393,20.66,4.83,9,26795,1,1,0
INC-00522,2022-02-08,Technology,North America,Ransomware,Unknown,127160,2.98,131800,1,1.53,6,42222,1,0,0
INC-00523,2022-09-09,Energy,North America,Malware,Unknown,116426,32.43,65545,42.58,5.1,11,0,0,0,0
INC-00524,2022-04-03,Healthcare,Asia Pacific,Malware,Hacktivist,55538,36.45,65277,49.19,8.7,9,26758,0,0,1
INC-00525,2023-08-12,Manufacturing,North America,Ransomware,Cybercriminal Group,17852,21.76,77075,78.91,5.26,14,0,0,0,1
INC-00526,2021-05-24,Government,Middle East & Africa,Credential Theft,Insider,60742,20.07,4482,39.14,7.03,9,56449,0,1,0
INC-00527,2022-06-06,Technology,North America,Malware,Hacktivist,213052,4.42,47502,48.18,4.4,12,0,0,1,0
INC-00528,2025-02-06,Education,Europe,Insider Threat,Insider,767145,0.5,78821,20.75,4.55,14,8600,1,0,0
INC-00529,2022-06-13,Healthcare,Asia Pacific,DDoS,Hacktivist,48450,14.75,46702,1,5.18,14,0,1,0,0
INC-00530,2022-03-19,Finance,Latin America,DDoS,Cybercriminal Group,15761,15.96,40841,12.48,5.19,3,14198,0,0,0
INC-00531,2021-09-08,Government,North America,Malware,Cybercriminal Group,97964,5.81,122935,37.72,5.17,13,40274,1,1,0
INC-00532,2022-09-01,Manufacturing,North America,Credential Theft,State-Sponsored,168574,34.58,67907,53.85,3.87,8,0,0,0,0
INC-00533,2023-04-22,Education,Latin America,Supply Chain,State-Sponsored,309241,40.22,54353,1,6.35,11,0,1,1,0
INC-00534,2021-08-09,Technology,Europe,Supply Chain,Insider,51272,30.64,9360,35.84,5.79,2,53695,0,0,0
INC-00535,2023-12-02,Energy,Europe,DDoS,Unknown,439075,0.5,60009,28.33,3.34,7,11869,0,0,0
INC-00536,2023-04-05,Technology,Middle East & Africa,Phishing,Insider,275676,13.72,59987,14.9,4.35,8,31069,1,0,0
INC-00537,2024-04-28,Government,Middle East & Africa,Insider Threat,State-Sponsored,24357,24.17,150822,44.55,6.35,11,78782,0,1,0
INC-00538,2021-04-10,Technology,Asia Pacific,DDoS,Unknown,110472,33.9,93440,5.9,7.14,12,43529,0,1,0
INC-00539,2024-12-21,Energy,Europe,Insider Threat,Unknown,89223,37.36,109197,1,4.62,12,0,0,0,0
INC-00540,2021-06-08,Retail,Latin America,Supply Chain,Cybercriminal Group,22286,30.34,6750,34.43,6.56,8,17647,0,1,0
INC-00541,2022-06-23,Healthcare,Middle East & Africa,Ransomware,Insider,21481,18.88,156028,31.02,7.99,14,113117,1,1,1
INC-00542,2021-05-03,Government,Middle East & Africa,Ransomware,Unknown,84142,52.07,27987,22.85,7.7,10,0,1,1,0
INC-00543,2021-01-30,Healthcare,Europe,Supply Chain,Hacktivist,103392,42.27,60476,44.35,8.3,15,0,1,0,1
INC-00544,2024-06-18,Government,Middle East & Africa,Malware,Unknown,221955,42.89,31681,38.06,8.03,14,163145,0,1,0
INC-00545,2022-06-07,Technology,Middle East & Africa,Ransomware,Cybercriminal Group,96739,22.53,151775,30.18,4.17,14,0,1,0,0
INC-00546,2021-08-04,Education,Asia Pacific,Ransomware,State-Sponsored,114867,36.91,303263,2.45,4.58,9,0,1,0,0
INC-00547,2022-11-12,Healthcare,Europe,Insider Threat,Cybercriminal Group,190134,32.19,2227,41.74,6.98,8,8413,1,1,0
INC-00548,2022-10-02,Finance,Asia Pacific,DDoS,Unknown,59235,43.97,0,30.9,6.85,11,36894,0,0,0
INC-00549,2024-08-22,Technology,North America,Phishing,Hacktivist,66910,21.79,0,38.69,5.21,18,20103,0,0,0
INC-00550,2021-02-21,Education,Middle East & Africa,Phishing,Hacktivist,576260,50.68,34876,20.33,8.0,11,35434,1,0,0
INC-00551,2022-01-19,Healthcare,Europe,DDoS,State-Sponsored,47198,29.11,75387,69.5,6.08,13,0,0,0,0
INC-00552,2021-02-03,Energy,North America,Credential Theft,Hacktivist,425820,36.29,44535,9.52,6.45,9,15557,1,1,0
INC-00553,2024-12-09,Healthcare,Europe,Credential Theft,Unknown,813427,39.87,83774,12.89,10,2,231937,0,1,0
INC-00554,2023-12-06,Government,Europe,Insider Threat,Insider,30049,31.91,29952,1,6.18,9,0,0,1,0
INC-00555,2022-11-29,Technology,Asia Pacific,Supply Chain,Hacktivist,11558,0.5,44437,44.64,4.99,17,65285,0,1,0
INC-00556,2024-12-09,Technology,Middle East & Africa,Malware,Unknown,26207,18.47,54603,15.44,5.08,12,41977,1,1,0
INC-00557,2021-01-04,Healthcare,Asia Pacific,DDoS,State-Sponsored,167428,27.02,55626,51.19,6.41,12,7909,0,0,0
INC-00558,2023-05-13,Finance,North America,Malware,State-Sponsored,29615,11.05,0,72.75,5.87,9,24855,0,0,1
INC-00559,2023-09-17,Technology,Middle East & Africa,Ransomware,Insider,52750,56.64,168374,45.69,7.59,12,0,1,1,0
INC-00560,2024-06-18,Energy,Europe,Supply Chain,State-Sponsored,65266,21.92,0,29.42,6.37,11,0,1,1,0
INC-00561,2024-01-30,Education,Latin America,Ransomware,Insider,21585,52.5,160302,18.77,6.92,7,39296,1,1,0
INC-00562,2024-09-29,Technology,North America,Malware,Hacktivist,27233,49.54,17697,36.98,6.96,12,0,0,1,0
INC-00563,2022-12-01,Education,Latin America,Ransomware,Insider,33707,31.87,121510,20.97,5.56,5,64120,0,1,0
INC-00564,2025-02-27,Technology,North America,Ransomware,Unknown,10013,33.99,167429,51.31,5.02,12,0,1,0,0
INC-00565,2025-01-16,Finance,Europe,Phishing,State-Sponsored,14366,30.08,0,38.89,7.23,12,47931,0,0,1
INC-00566,2022-01-28,Manufacturing,Europe,Malware,Unknown,53637,3.81,34150,2.23,2.47,7,35776,1,0,0
INC-00567,2024-04-30,Government,Latin America,Supply Chain,Insider,15049,32.63,10177,87.71,8.91,10,146,0,1,0
INC-00568,2023-09-17,Government,Europe,Phishing,Cybercriminal Group,73480,25.45,0,27.85,3.96,10,21610,1,0,0
INC-00569,2024-08-31,Healthcare,North America,DDoS,State-Sponsored,43949,27.32,8887,64.84,7.12,9,9869,1,0,0
INC-00570,2021-08-28,Healthcare,Middle East & Africa,Supply Chain,Cybercriminal Group,100723,28.4,0,67.37,5.3,6,79124,0,0,0
INC-00571,2024-05-14,Energy,Asia Pacific,Ransomware,Hacktivist,214510,32.13,169064,46.12,8.29,7,61617,0,1,1
INC-00572,2023-02-14,Healthcare,Middle East & Africa,Ransomware,Unknown,34069,8.96,185190,58.94,8.01,11,223801,0,1,0
INC-00573,2021-07-07,Finance,Asia Pacific,DDoS,Unknown,125588,7.13,109528,62.05,5.44,11,35643,0,0,0
INC-00574,2024-03-30,Energy,Europe,Malware,State-Sponsored,158501,30.56,94896,22.93,4.02,5,18303,0,0,0
INC-00575,2023-01-03,Education,Asia Pacific,Ransomware,Unknown,10977,0.5,69842,46.61,4.34,10,0,0,1,0
INC-00576,2023-02-18,Education,North America,Malware,Hacktivist,36658,45.98,0,22.85,7.81,20,19638,0,0,1
INC-00577,2021-07-20,Energy,Asia Pacific,Supply Chain,Cybercriminal Group,210900,21.48,0,53.97,7.83,8,10871,0,1,1
INC-00578,2023-03-01,Retail,Europe,Insider Threat,Hacktivist,103228,71.03,43327,1.36,6.85,7,12947,0,0,0
INC-00579,2022-01-03,Healthcare,Europe,Malware,Hacktivist,9171,9.68,25299,52.45,4.1,13,20109,0,0,0
INC-00580,2022-09-04,Healthcare,Middle East & Africa,Malware,State-Sponsored,253964,25.45,72349,56.29,7.66,20,62750,0,0,1
INC-00581,2024-12-01,Finance,North America,Supply Chain,State-Sponsored,208235,26.72,21637,23.61,3.9,10,37849,1,0,0
INC-00582,2022-07-04,Education,Europe,Insider Threat,Unknown,20356,12.52,96258,60.44,3.08,10,35780,1,0,0
INC-00583,2025-02-27,Energy,North America,Ransomware,Unknown,17519,31.61,157445,48.05,7.82,11,39693,1,1,0
INC-00584,2022-12-29,Healthcare,Asia Pacific,Insider Threat,Cybercriminal Group,67392,45.04,0,28.16,8.07,11,0,1,1,0
INC-00585,2025-03-13,Technology,Europe,Supply Chain,Insider,79186,26.79,24595,11.89,6.03,13,10507,1,1,0
INC-00586,2021-05-16,Finance,Europe,Credential Theft,State-Sponsored,60937,21.53,17112,14.73,6.92,5,23618,0,1,0
INC-00587,2021-11-17,Retail,Asia Pacific,Malware,Unknown,28125,43.83,66579,35.52,5.47,13,21338,1,0,1
INC-00588,2023-06-19,Technology,Latin America,Supply Chain,Cybercriminal Group,76310,38.3,0,86.89,7.93,13,0,0,0,0
INC-00589,2021-09-09,Finance,Asia Pacific,Phishing,Cybercriminal Group,55110,24.71,0,30.35,5.6,17,0,1,0,0
INC-00590,2024-04-02,Energy,North America,Insider Threat,Unknown,91478,10.18,0,14.16,4.46,11,40530,1,1,0
INC-00591,2024-08-27,Manufacturing,Asia Pacific,DDoS,State-Sponsored,408993,58.55,88143,1,7.59,9,2849,0,1,0
INC-00592,2024-09-07,Government,Europe,Insider Threat,Cybercriminal Group,95774,17.68,0,31.87,7.53,14,0,0,1,0
INC-00593,2023-11-25,Technology,Middle East & Africa,Malware,Unknown,258690,17.22,46821,44.32,4.72,4,21002,0,0,0
INC-00594,2024-09-09,Retail,Europe,Insider Threat,Unknown,155329,32.51,130165,24.97,6.95,13,2767,1,1,0
INC-00595,2021-05-31,Finance,Europe,Ransomware,State-Sponsored,120072,22.95,218912,24.28,5.98,3,4179,1,1,0
INC-00596,2024-11-27,Retail,Europe,Insider Threat,Insider,142090,32.43,50226,49.18,5.48,16,62907,0,0,0
INC-00597,2023-07-27,Finance,North America,Malware,State-Sponsored,86425,46.76,19540,1,8.37,6,0,1,0,1
INC-00598,2023-07-06,Energy,Middle East & Africa,Insider Threat,Hacktivist,61744,0.5,76952,44.65,4.1,12,34338,0,0,0
INC-00599,2021-06-19,Finance,Latin America,Malware,Unknown,154474,37.01,21661,41.52,8.95,16,0,0,1,0
INC-00600,2022-07-15,Retail,North America,Supply Chain,Cybercriminal Group,18908,47.56,42156,45.63,7.16,10,5872,0,1,0
INC-00601,2021-07-02,Retail,Latin America,DDoS,Hacktivist,25017,16.53,13060,60.93,4.25,14,10826,0,0,0
INC-00602,2023-07-13,Government,Europe,Malware,Cybercriminal Group,70356,10.83,61062,12.57,4.77,9,20531,1,0,0
INC-00603,2022-12-10,Technology,Europe,Supply Chain,State-Sponsored,119713,24.98,0,91.25,8.21,6,15321,0,1,0
INC-00604,2022-11-18,Finance,North America,DDoS,Unknown,125180,35.31,39200,1,6.48,6,1712,1,0,0
INC-00605,2022-10-03,Retail,Europe,Insider Threat,Insider,153951,33.4,57708,35.73,7.29,12,4322,1,0,0
INC-00606,2022-03-04,Retail,Asia Pacific,Credential Theft,Hacktivist,45121,38.06,251,44.12,7.44,20,0,1,1,0
INC-00607,2023-02-26,Finance,Asia Pacific,Phishing,Cybercriminal Group,24509,16.75,7554,25.6,4.06,8,6092,1,0,0
INC-00608,2024-09-24,Healthcare,North America,DDoS,Unknown,64527,36.26,22964,43.1,7.32,6,10795,0,0,1
INC-00609,2022-11-01,Technology,Middle East & Africa,DDoS,Insider,182145,5.62,97179,2.34,2.91,6,48253,0,0,0
INC-00610,2023-05-20,Retail,Latin America,Supply Chain,State-Sponsored,202514,44.41,61531,20.43,7.91,8,0,0,1,0
INC-00611,2021-10-07,Energy,Latin America,Credential Theft,Cybercriminal Group,68960,27.56,53560,5.18,6.49,15,8394,1,1,0
INC-00612,2024-07-01,Energy,Latin America,DDoS,Hacktivist,152193,33.21,53879,33.24,4.2,8,0,0,0,0
INC-00613,2022-10-12,Technology,North America,Malware,Hacktivist,65709,38.67,50242,36.53,5.85,10,0,0,0,0
INC-00614,2024-12-01,Energy,Latin America,Ransomware,Cybercriminal Group,189638,3.89,286803,20.63,5.22,8,0,1,1,0
INC-00615,2021-04-01,Manufacturing,North America,Credential Theft,State-Sponsored,201428,37.79,13375,53.23,7.97,9,0,1,1,0
INC-00616,2025-02-15,Retail,Europe,Malware,Hacktivist,47084,25.0,5637,29.35,4.87,11,17806,1,0,0
INC-00617,2021-04-24,Retail,Latin America,Phishing,Unknown,52138,0.5,33212,46.77,2.56,7,16880,0,0,0
INC-00618,2022-04-23,Finance,Asia Pacific,DDoS,State-Sponsored,1112620,13.84,0,29.65,10,7,0,0,1,0
INC-00619,2023-11-17,Retail,Middle East & Africa,Supply Chain,Hacktivist,80611,23.6,0,1,6.21,17,36634,0,1,0
INC-00620,2021-01-04,Government,Europe,Malware,Cybercriminal Group,24755,23.99,49270,9.73,7.0,7,20370,0,0,1
INC-00621,2025-01-30,Manufacturing,Europe,Ransomware,Hacktivist,54188,8.46,227800,39.82,3.66,3,46230,1,0,0
INC-00622,2023-01-27,Government,Latin America,Supply Chain,Cybercriminal Group,33401,38.46,58828,1,4.99,7,983,0,0,0
INC-00623,2024-01-22,Education,Asia Pacific,Phishing,Insider,169624,31.26,98147,35.72,5.63,5,12429,0,0,0
INC-00624,2025-02-11,Government,Europe,Insider Threat,Unknown,201193,24.14,25158,13.15,7.18,3,216324,0,1,0
INC-00625,2023-05-26,Retail,North America,DDoS,Cybercriminal Group,17640,44.77,51338,71.34,6.84,9,22210,0,1,0
INC-00626,2021-02-27,Finance,Europe,Insider Threat,Hacktivist,53826,56.4,102050,71.31,10,13,103244,0,1,0
INC-00627,2023-12-09,Healthcare,Europe,Phishing,Insider,168276,25.72,108425,1,5.71,14,0,1,0,0
INC-00628,2023-11-18,Healthcare,Middle East & Africa,Credential Theft,Insider,29934,42.75,48375,53.92,9.58,9,0,1,1,0
INC-00629,2023-09-30,Energy,Asia Pacific,DDoS,State-Sponsored,44559,46.25,40502,39.58,6.34,21,9031,0,0,0
INC-00630,2022-10-30,Finance,North America,Ransomware,Hacktivist,21973,3.46,55471,59.02,5.6,9,0,0,0,0
INC-00631,2025-02-02,Energy,Asia Pacific,DDoS,State-Sponsored,16417,48.95,124197,1,8.15,16,46551,0,1,0
INC-00632,2021-10-13,Manufacturing,North America,DDoS,Unknown,109533,3.01,75936,18.34,3.94,7,0,1,0,0
INC-00633,2023-07-19,Government,Europe,Insider Threat,State-Sponsored,219233,0.5,64489,27.98,6.61,12,75902,0,1,0
INC-00634,2021-06-23,Healthcare,Asia Pacific,DDoS,Unknown,105350,0.5,87616,45.11,6.04,12,0,0,0,0
INC-00635,2024-10-27,Finance,Asia Pacific,Ransomware,Cybercriminal Group,105504,8.27,224502,24.68,5.43,14,0,1,1,0
INC-00636,2024-02-06,Healthcare,Latin America,Phishing,Cybercriminal Group,12268,26.29,0,37.94,6.92,13,38271,0,0,1
INC-00637,2021-08-27,Energy,Asia Pacific,Insider Threat,State-Sponsored,32688,33.91,0,57.07,7.53,6,18815,0,1,0
INC-00638,2024-05-16,Education,Asia Pacific,Insider Threat,Hacktivist,63664,26.5,0,36.39,5.58,10,0,1,1,0
INC-00639,2023-01-27,Government,Latin America,Credential Theft,Cybercriminal Group,65023,6.34,1938,21.21,5.64,5,185726,1,1,0
INC-00640,2022-12-30,Retail,Europe,Phishing,Hacktivist,214238,21.45,107458,24.01,4.34,5,13637,1,0,0
INC-00641,2022-12-30,Manufacturing,Latin America,Supply Chain,Hacktivist,49208,0.5,16963,38.19,4.42,11,33428,1,1,0
INC-00642,2022-07-18,Finance,Latin America,Credential Theft,State-Sponsored,511127,9.42,62308,20.95,6.64,15,11959,0,0,0
INC-00643,2025-01-19,Retail,Europe,Insider Threat,State-Sponsored,70093,21.65,76314,14.4,6.5,8,9537,1,1,0
INC-00644,2021-10-30,Technology,Latin America,Credential Theft,State-Sponsored,27084,59.76,51125,53.24,7.56,12,0,0,1,0
INC-00645,2021-11-26,Healthcare,Middle East & Africa,Supply Chain,Unknown,120063,35.2,52074,39.75,8.25,12,139497,1,1,1
INC-00646,2024-07-02,Energy,Asia Pacific,Credential Theft,Cybercriminal Group,77336,12.85,18327,94.49,6.28,12,0,1,1,0
INC-00647,2024-02-14,Education,Middle East & Africa,DDoS,Hacktivist,13071,83.18,11302,14.3,7.21,12,0,1,0,0
INC-00648,2022-07-23,Education,Europe,Ransomware,Insider,20847,57.81,0,32.18,9.12,13,41583,1,1,0
INC-00649,2022-08-03,Healthcare,Latin America,Supply Chain,Hacktivist,19105,20.09,66124,30.55,7.16,8,269689,0,1,1
INC-00650,2023-05-15,Retail,Middle East & Africa,Insider Threat,Hacktivist,554667,21.87,44048,58.25,5.93,14,20521,1,0,0
INC-00651,2023-09-21,Manufacturing,Middle East & Africa,Insider Threat,Insider,77525,32.54,11669,71.47,7.32,6,31585,0,1,0
INC-00652,2023-06-06,Energy,Europe,Ransomware,Hacktivist,225359,50.49,309951,19.79,8.41,17,66399,0,1,0
INC-00653,2021-09-24,Finance,Asia Pacific,Insider Threat,State-Sponsored,921262,46.16,81403,23.3,9.37,10,0,0,0,0
INC-00654,2021-07-17,Retail,Europe,Supply Chain,Hacktivist,72368,6.86,115235,1,6.31,15,0,1,1,1
INC-00655,2023-07-10,Healthcare,Asia Pacific,Insider Threat,Insider,188951,53.01,115551,36.15,10,11,197624,0,1,0
INC-00656,2024-04-08,Government,Latin America,Credential Theft,Cybercriminal Group,80400,19.9,18413,40.09,5.58,9,3449,0,0,0
INC-00657,2024-09-23,Manufacturing,Latin America,Phishing,State-Sponsored,373290,19.59,43108,34.58,6.04,16,40758,1,1,0
INC-00658,2022-02-03,Energy,Latin America,DDoS,Hacktivist,54979,42.64,62918,75.46,7.07,10,0,0,0,0
INC-00659,2021-05-04,Energy,Latin America,Malware,State-Sponsored,130943,3.1,54742,21.68,2.61,7,10552,1,0,0
INC-00660,2024-10-28,Government,North America,Supply Chain,Insider,69925,64.54,0,13.14,8.57,15,0,0,0,0
INC-00661,2024-04-23,Finance,Latin America,Malware,Cybercriminal Group,80019,12.98,59207,82.62,6.7,12,50365,0,0,0
INC-00662,2025-03-09,Retail,Latin America,Ransomware,State-Sponsored,148548,24.2,404690,60.8,6.52,4,41750,0,0,0
INC-00663,2024-12-02,Manufacturing,Europe,Ransomware,Unknown,310777,2.98,0,29.2,4.92,11,15335,1,1,0
INC-00664,2025-02-10,Government,Latin America,Phishing,Insider,92358,15.31,23794,38.44,5.55,16,16900,1,0,0
INC-00665,2022-12-21,Government,North America,DDoS,State-Sponsored,27327,72.15,62165,30.8,7.98,12,0,0,0,0
INC-00666,2023-08-29,Manufacturing,Middle East & Africa,DDoS,Cybercriminal Group,149439,0.58,8439,1,3.5,13,67687,1,0,1
INC-00667,2022-12-08,Finance,Latin America,Phishing,State-Sponsored,25356,62.81,0,34.15,10,11,165160,0,1,1
INC-00668,2021-01-24,Education,Middle East & Africa,Ransomware,Hacktivist,441035,12.16,248687,21.4,4.96,9,0,1,0,0
INC-00669,2022-01-10,Manufacturing,North America,Malware,State-Sponsored,67149,13.17,0,3.29,2.29,12,0,1,0,0
INC-00670,2022-02-20,Technology,Middle East & Africa,Malware,Cybercriminal Group,39775,11.55,38946,59.89,4.12,12,11863,1,0,0
INC-00671,2024-12-16,Education,Middle East & Africa,DDoS,Cybercriminal Group,32797,27.07,0,36.71,2.81,10,76135,1,0,0
INC-00672,2021-04-12,Government,North America,DDoS,State-Sponsored,118347,30.16,0,12.59,5.89,9,0,0,0,0
INC-00673,2022-12-11,Finance,Asia Pacific,Supply Chain,State-Sponsored,45779,16.42,0,71.36,7.0,14,0,1,1,0
INC-00674,2022-10-04,Energy,Asia Pacific,Supply Chain,Cybercriminal Group,343096,16.98,0,54.81,6.22,7,31999,0,1,0
INC-00675,2025-02-25,Government,Middle East & Africa,DDoS,Insider,98446,9.46,36685,37.97,4.41,16,0,1,0,0
INC-00676,2022-02-26,Healthcare,Latin America,Malware,Cybercriminal Group,133085,23.0,85327,7.57,5.61,21,0,1,0,0
INC-00677,2022-11-03,Government,Asia Pacific,Ransomware,Cybercriminal Group,10279,24.26,484458,11.74,7.34,10,56277,0,1,0
INC-00678,2021-01-12,Government,Middle East & Africa,Malware,Hacktivist,128645,33.08,55654,15.67,8.2,19,0,0,1,0
INC-00679,2025-03-19,Retail,Asia Pacific,Insider Threat,Cybercriminal Group,206463,42.13,0,35.54,8.72,14,0,0,1,0
INC-00680,2021-03-09,Energy,Middle East & Africa,Malware,Unknown,153210,23.35,122849,32.77,6.16,18,0,1,1,0
INC-00681,2021-09-27,Retail,Asia Pacific,Credential Theft,Hacktivist,85111,61.31,0,20.48,7.97,15,8488,0,1,0
INC-00682,2022-01-27,Energy,Asia Pacific,DDoS,Hacktivist,90607,32.84,7232,19.31,6.61,6,12734,0,0,1
INC-00683,2023-06-21,Energy,Middle East & Africa,Ransomware,Hacktivist,28002,59.23,144996,17.48,7.36,17,32193,0,0,0
INC-00684,2021-10-03,Technology,Asia Pacific,Phishing,Unknown,88446,10.05,79997,2.14,3.47,12,0,1,0,0
INC-00685,2023-05-28,Healthcare,Latin America,Malware,Insider,11582,42.17,47691,15.19,5.94,7,0,0,0,0
INC-00686,2021-05-23,Government,Middle East & Africa,DDoS,Insider,49678,17.19,0,50.42,5.66,9,7966,0,0,0
INC-00687,2021-01-16,Healthcare,Latin America,Supply Chain,State-Sponsored,12756,22.39,0,36.74,5.88,11,17808,1,0,0
INC-00688,2025-01-29,Healthcare,Latin America,Malware,Insider,8350,38.1,0,48.93,9.08,4,0,0,0,1
INC-00689,2024-10-20,Energy,North America,Supply Chain,Hacktivist,22943,6.82,51809,12.29,3.39,7,39147,1,0,0
INC-00690,2021-05-01,Manufacturing,Europe,DDoS,Hacktivist,73962,0.5,75365,31.99,3.9,4,24496,1,0,0
INC-00691,2021-10-06,Finance,Middle East & Africa,Phishing,Cybercriminal Group,34711,13.17,33388,21.0,4.81,4,27392,1,0,0
INC-00692,2022-08-13,Government,Asia Pacific,DDoS,Hacktivist,372497,0.5,28930,27.79,3.93,10,0,1,0,0
INC-00693,2023-11-08,Government,Europe,Phishing,Insider,16041,12.83,59160,1,5.32,13,111886,1,1,0
INC-00694,2024-05-31,Energy,North America,Insider Threat,State-Sponsored,37912,34.36,83947,9.67,4.9,12,74421,0,1,0
INC-00695,2021-07-01,Retail,Middle East & Africa,Insider Threat,Cybercriminal Group,60595,29.51,0,58.37,6.82,10,21515,0,1,0
INC-00696,2024-06-02,Technology,Latin America,Credential Theft,Unknown,14102,36.29,17377,18.14,5.68,11,65694,0,1,0
INC-00697,2022-10-05,Energy,Asia Pacific,Malware,Insider,38291,35.45,10212,6.53,4.52,14,24027,1,0,0
INC-00698,2024-10-26,Technology,Latin America,Phishing,State-Sponsored,43088,5.75,80955,42.57,5.17,13,0,0,1,0
INC-00699,2024-02-29,Technology,Latin America,Ransomware,Unknown,215702,38.79,494845,49.86,7.55,17,10634,0,1,0
INC-00700,2023-10-28,Finance,Latin America,DDoS,State-Sponsored,37992,34.86,34893,21.7,6.65,13,0,0,0,0
INC-00701,2024-08-04,Government,North America,Insider Threat,Unknown,37302,35.55,103505,1,6.27,8,109304,0,1,0
INC-00702,2023-06-09,Manufacturing,North America,DDoS,State-Sponsored,112864,44.04,0,39.53,6.18,12,41469,1,1,0
INC-00703,2022-06-08,Healthcare,Middle East & Africa,Insider Threat,Unknown,74404,17.11,107518,55.1,6.51,6,0,0,1,0
INC-00704,2025-03-30,Manufacturing,Latin America,Phishing,State-Sponsored,556479,33.11,73489,9.85,7.88,12,29748,1,0,1
INC-00705,2023-09-05,Technology,Middle East & Africa,DDoS,Unknown,312036,13.18,78294,36.08,4.4,9,56475,1,0,0
INC-00706,2021-04-25,Finance,Middle East & Africa,Phishing,State-Sponsored,104891,16.74,0,52.99,6.81,14,6821,0,0,0
INC-00707,2023-03-24,Manufacturing,Middle East & Africa,DDoS,Unknown,18866,34.04,69623,75.96,6.94,4,0,0,0,0
INC-00708,2024-03-18,Education,Europe,Phishing,Cybercriminal Group,32386,19.35,33418,48.88,2.59,12,0,1,0,0
INC-00709,2021-09-10,Technology,Europe,Insider Threat,Cybercriminal Group,132615,14.24,0,47.88,5.28,12,0,0,0,0
INC-00710,2022-07-31,Healthcare,Middle East & Africa,Insider Threat,Hacktivist,57293,61.85,21719,6.36,8.2,6,92497,1,1,0
INC-00711,2021-01-21,Retail,North America,Ransomware,Hacktivist,150968,28.72,240237,26.35,6.24,11,0,1,1,0
INC-00712,2021-07-14,Healthcare,Europe,Insider Threat,State-Sponsored,45793,0.5,25748,71.11,6.45,20,21604,1,1,0
INC-00713,2024-06-07,Technology,Asia Pacific,Phishing,Unknown,27141,8.74,0,11.58,3.15,18,32616,1,0,0
INC-00714,2021-02-20,Healthcare,Asia Pacific,Supply Chain,Hacktivist,26818,37.65,48297,53.58,8.09,16,65931,0,1,0
INC-00715,2024-05-09,Technology,Asia Pacific,Phishing,Cybercriminal Group,23539,63.97,0,45.93,7.36,5,0,0,0,0
INC-00716,2024-02-09,Education,Middle East & Africa,Phishing,State-Sponsored,34536,25.14,13102,1,4.71,9,16393,1,0,0
INC-00717,2024-01-12,Government,Europe,Phishing,Unknown,21274,34.41,59607,37.66,5.83,12,0,1,0,0
INC-00718,2024-12-05,Healthcare,Asia Pacific,Supply Chain,Cybercriminal Group,134560,20.3,0,62.13,7.41,13,203583,0,1,0
INC-00719,2021-03-19,Finance,North America,Insider Threat,Insider,132307,26.3,101912,56.2,7.28,16,145339,0,1,0
INC-00720,2024-11-04,Technology,Latin America,Credential Theft,Unknown,19813,38.56,51531,27.02,6.28,8,23428,0,1,0
INC-00721,2024-02-07,Manufacturing,North America,Insider Threat,Hacktivist,55718,55.0,0,56.46,9.91,10,0,0,1,0
INC-00722,2021-10-01,Retail,Middle East & Africa,Supply Chain,Cybercriminal Group,45570,1.2,75659,31.19,2.14,10,45584,1,0,0
INC-00723,2022-10-25,Healthcare,Latin America,Credential Theft,State-Sponsored,91041,38.76,182560,51.97,6.82,18,5554,0,0,0
INC-00724,2024-02-18,Retail,Latin America,Phishing,Hacktivist,26364,18.05,15129,69.18,4.56,22,22493,0,0,0
INC-00725,2023-05-22,Government,Europe,Credential Theft,Cybercriminal Group,31702,35.41,56308,30.31,7.5,9,10469,0,1,0
INC-00726,2023-05-03,Healthcare,North America,Ransomware,Cybercriminal Group,146030,42.57,155347,30.6,6.79,13,250056,0,1,0
INC-00727,2024-11-10,Retail,North America,Insider Threat,State-Sponsored,117247,8.94,30719,24.98,4.33,16,103946,1,0,0
INC-00728,2023-11-21,Government,Middle East & Africa,Malware,Insider,55943,15.21,75024,33.85,5.97,15,16360,1,0,1
INC-00729,2022-08-05,Education,Middle East & Africa,Credential Theft,State-Sponsored,62306,21.1,47457,33.07,6.17,12,0,1,1,0
INC-00730,2022-04-25,Energy,Asia Pacific,DDoS,Unknown,64245,40.76,120350,4.96,4.32,10,0,0,0,0
INC-00731,2021-09-04,Finance,North America,Supply Chain,Cybercriminal Group,18446,40.34,40276,13.31,7.62,10,0,1,1,0
INC-00732,2021-04-28,Finance,Asia Pacific,Credential Theft,Unknown,50585,15.66,51617,61.52,7.13,9,21746,0,1,0
INC-00733,2023-09-22,Government,North America,Insider Threat,Hacktivist,85072,0.5,93975,1.48,3.32,8,0,1,0,0
INC-00734,2024-08-21,Manufacturing,Europe,Credential Theft,Cybercriminal Group,33198,28.07,88531,36.54,5.68,9,0,1,1,0
INC-00735,2022-09-18,Energy,Europe,Insider Threat,Cybercriminal Group,311366,21.42,96523,10.61,4.39,12,0,1,0,0
INC-00736,2024-12-05,Government,North America,Insider Threat,Cybercriminal Group,156431,62.16,18567,26.07,8.92,7,28901,0,1,0
INC-00737,2022-11-30,Energy,North America,Credential Theft,Hacktivist,202847,11.45,74057,37.42,4.99,13,37377,1,1,0
INC-00738,2023-02-13,Manufacturing,Middle East & Africa,Ransomware,Unknown,12779,0.5,194192,52.11,3.68,13,0,1,1,0
INC-00739,2021-12-28,Education,Asia Pacific,Ransomware,Hacktivist,18492,25.35,269283,19.65,6.73,12,0,0,1,0
INC-00740,2025-02-09,Retail,Latin America,Ransomware,State-Sponsored,131877,38.33,128509,26.42,7.19,8,39451,1,1,0
INC-00741,2023-04-09,Government,Latin America,Insider Threat,Cybercriminal Group,85131,49.38,58153,51.99,9.36,15,216291,0,1,0
INC-00742,2022-05-03,Government,Latin America,Supply Chain,Unknown,136516,32.58,85225,20.35,8.52,11,143657,1,1,0
INC-00743,2023-03-27,Government,North America,Ransomware,Insider,46059,16.01,371246,31.81,5.85,12,7466,0,0,0
INC-00744,2024-03-13,Healthcare,Europe,Malware,State-Sponsored,172429,47.97,0,1,8.45,10,0,0,0,1
INC-00745,2022-07-25,Government,Latin America,Supply Chain,Cybercriminal Group,48922,5.59,90521,52.77,4.07,5,21405,0,0,0
INC-00746,2023-07-08,Retail,Middle East & Africa,Ransomware,Unknown,141895,22.14,250821,38.34,4.99,11,21593,1,0,0
INC-00747,2021-03-14,Finance,Asia Pacific,Insider Threat,Cybercriminal Group,20983,50.74,20550,11.74,6.88,17,18268,1,0,0
INC-00748,2024-11-27,Manufacturing,Middle East & Africa,Insider Threat,Hacktivist,24124,0.5,0,37.49,4.08,5,0,1,0,0
INC-00749,2024-04-13,Finance,North America,DDoS,Insider,287053,14.87,0,32.9,4.65,11,22550,1,0,0
INC-00750,2023-12-17,Retail,Europe,Ransomware,Insider,15125,26.65,147914,5.46,2.27,14,8080,1,0,0
INC-00751,2021-12-02,Manufacturing,Middle East & Africa,Ransomware,State-Sponsored,112938,49.81,0,65.09,6.5,7,25791,0,0,0
INC-00752,2024-02-13,Retail,Europe,Credential Theft,Cybercriminal Group,54858,27.12,72611,34.91,5.72,8,33534,1,1,0
INC-00753,2023-04-03,Manufacturing,Latin America,Ransomware,State-Sponsored,94954,30.86,244503,49.95,6.58,9,53137,1,1,0
INC-00754,2021-01-25,Energy,Latin America,Malware,Unknown,22225,66.4,37082,29.8,7.79,8,26161,0,1,0
INC-00755,2024-12-24,Government,Asia Pacific,Supply Chain,Insider,220212,8.92,35157,33.23,5.36,10,189230,1,1,0
INC-00756,2021-11-03,Government,Asia Pacific,Supply Chain,Insider,61332,8.58,6859,12.39,2.91,4,0,1,0,0
INC-00757,2023-11-07,Education,Asia Pacific,DDoS,Cybercriminal Group,192228,29.39,75455,1,4.05,8,0,0,0,0
INC-00758,2022-04-12,Healthcare,Middle East & Africa,Malware,Hacktivist,38342,41.79,66939,43.38,9.14,8,0,1,0,1
INC-00759,2022-09-23,Energy,North America,DDoS,State-Sponsored,207611,36.8,42450,54.48,6.67,11,10796,0,0,0
INC-00760,2024-07-09,Government,Europe,Phishing,Unknown,289183,34.45,78075,1,5.49,9,10736,1,0,0
INC-00761,2022-11-04,Government,Latin America,Phishing,State-Sponsored,165816,48.08,0,65.86,7.66,16,0,0,0,0
INC-00762,2023-06-15,Manufacturing,Middle East & Africa,DDoS,Hacktivist,21930,40.28,0,30.01,5.48,17,38218,1,0,0
INC-00763,2022-03-17,Retail,Latin America,Phishing,State-Sponsored,22112,38.5,46498,42.07,4.79,10,0,0,0,0
INC-00764,2022-05-10,Energy,Middle East & Africa,Phishing,State-Sponsored,46470,0.5,0,11.9,3.77,18,29650,1,0,1
INC-00765,2024-04-06,Education,North America,Credential Theft,Hacktivist,98703,30.29,8245,68.65,5.7,5,45664,1,0,0
INC-00766,2021-02-20,Technology,Latin America,DDoS,Insider,213919,31.21,3298,57.24,5.65,12,19337,0,0,0
INC-00767,2023-01-25,Manufacturing,Asia Pacific,Ransomware,Unknown,165565,29.96,272341,81.21,7.35,17,27146,0,1,0
INC-00768,2021-10-02,Government,Middle East & Africa,Supply Chain,State-Sponsored,8853,26.49,15998,19.32,7.82,15,40861,0,0,0
INC-00769,2024-08-30,Retail,Europe,Insider Threat,Cybercriminal Group,154403,39.09,24242,45.89,4.65,5,0,0,0,0
INC-00770,2021-07-07,Technology,Latin America,Credential Theft,State-Sponsored,72585,14.51,109794,38.91,4.07,5,83315,1,0,0
INC-00771,2022-11-08,Education,Europe,DDoS,Insider,196575,29.7,0,32.3,6.04,9,50249,0,1,0
INC-00772,2023-07-02,Government,Asia Pacific,DDoS,Insider,53832,55.47,93087,41.8,8.45,5,0,0,1,0
INC-00773,2021-10-31,Retail,Asia Pacific,Ransomware,Cybercriminal Group,59254,4.19,167111,68.97,5.55,5,16188,0,1,0
INC-00774,2022-02-19,Retail,Latin America,Malware,Cybercriminal Group,107848,29.96,56172,9.75,4.41,9,3212,1,1,0
INC-00775,2024-05-29,Education,Europe,Ransomware,State-Sponsored,106968,42.55,335060,62.01,7.73,12,50490,0,1,0
INC-00776,2024-07-25,Technology,Asia Pacific,DDoS,Hacktivist,78362,24.06,31218,65.19,4.68,2,23719,1,0,0
INC-00777,2022-01-16,Government,Asia Pacific,Credential Theft,Unknown,175069,5.28,13918,32.2,3.24,8,0,1,0,0
INC-00778,2022-05-09,Energy,North America,Supply Chain,Insider,33257,43.45,62533,62.31,8.16,15,0,1,1,0
INC-00779,2022-12-10,Technology,Asia Pacific,Ransomware,Insider,89911,19.79,287789,5.59,6.93,12,0,0,1,0
INC-00780,2023-03-04,Education,North America,Phishing,Cybercriminal Group,19601,2.95,20879,49.73,2.57,5,1133,1,0,0
INC-00781,2022-05-24,Government,Asia Pacific,Supply Chain,State-Sponsored,10532,8.12,0,53.4,5.86,17,0,0,0,0
INC-00782,2021-07-01,Retail,Europe,Supply Chain,State-Sponsored,43589,49.41,10195,31.99,6.43,14,64329,0,1,0
INC-00783,2021-09-18,Healthcare,Europe,Supply Chain,Unknown,40618,28.88,0,36.89,5.57,8,51061,1,0,0
INC-00784,2023-05-04,Technology,Latin America,DDoS,Insider,27223,1.39,71632,39.72,6.1,7,0,1,1,0
INC-00785,2023-09-05,Finance,Middle East & Africa,Insider Threat,Cybercriminal Group,147273,46.86,19768,32.89,10,8,38394,0,1,0
INC-00786,2021-02-09,Healthcare,Asia Pacific,Ransomware,Hacktivist,151608,28.14,239962,74.6,8.56,7,0,0,1,0
INC-00787,2025-03-09,Energy,Europe,DDoS,State-Sponsored,32383,48.68,0,48.14,6.24,6,0,0,0,0
INC-00788,2024-06-01,Finance,Asia Pacific,Ransomware,Insider,69992,50.55,229572,1,8.27,9,240838,0,1,0
INC-00789,2022-09-10,Technology,North America,Malware,Cybercriminal Group,147066,20.33,0,70.91,6.39,3,31294,1,0,1
INC-00790,2025-01-08,Finance,Europe,Credential Theft,Insider,203132,32.11,56805,42.45,8.17,15,0,1,1,0
INC-00791,2024-04-10,Finance,Latin America,Supply Chain,State-Sponsored,99870,38.42,0,33.82,7.45,13,80213,0,1,0
INC-00792,2023-08-08,Energy,Middle East & Africa,Credential Theft,Insider,94887,21.81,60378,1,3.73,15,4293,1,0,0
INC-00793,2024-04-04,Government,Asia Pacific,Phishing,Unknown,80034,13.44,42958,49.1,6.03,7,0,1,0,0
INC-00794,2022-01-16,Finance,Europe,Credential Theft,Hacktivist,32628,60.61,36590,55.5,9.96,5,0,0,1,0
INC-00795,2021-11-23,Healthcare,North America,Phishing,Hacktivist,60608,50.43,0,67.31,7.14,10,0,0,0,0
INC-00796,2022-02-11,Finance,North America,Supply Chain,Cybercriminal Group,38758,52.12,0,28.09,9.96,8,154907,0,1,1
INC-00797,2023-07-21,Technology,Latin America,Insider Threat,Insider,38141,0.5,25416,42.52,3.73,6,17509,0,1,0
INC-00798,2024-05-02,Government,Europe,Phishing,Insider,63900,26.25,26673,33.45,4.63,14,22209,1,0,0
INC-00799,2024-10-26,Energy,North America,DDoS,Hacktivist,74945,21.7,0,5.61,2.99,13,0,0,0,0
INC-00800,2022-06-07,Retail,North America,Ransomware,Hacktivist,24635,29.58,84393,16.36,4.62,10,0,1,0,0
INC-00801,2024-07-28,Education,Latin America,DDoS,Insider,27003,44.4,105351,26.56,5.29,5,24147,0,0,0
INC-00802,2023-03-26,Manufacturing,North America,Malware,Unknown,372913,9.99,43556,40.92,4.8,11,31349,0,0,0
INC-00803,2023-09-15,Technology,North America,Credential Theft,Cybercriminal Group,184088,35.47,81349,32.89,6.44,11,12679,0,1,0
INC-00804,2021-02-28,Education,North America,Phishing,Insider,16733,20.43,0,11.47,4.14,5,24593,1,0,0
INC-00805,2024-09-06,Energy,North America,Supply Chain,Hacktivist,21697,45.93,24629,67.84,8.15,10,16146,0,1,0
INC-00806,2023-05-05,Government,North America,Credential Theft,Hacktivist,21575,5.8,94095,33.88,6.25,7,160839,1,1,0
INC-00807,2021-08-20,Finance,Asia Pacific,DDoS,Insider,223459,41.72,20082,50.66,5.51,11,59399,0,0,0
INC-00808,2021-11-17,Energy,North America,Insider Threat,State-Sponsored,78373,27.78,0,48.56,5.28,8,35859,1,0,0
INC-00809,2021-03-08,Healthcare,Middle East & Africa,Supply Chain,Hacktivist,38681,13.89,26886,32.51,7.23,3,0,0,1,0
INC-00810,2024-04-27,Government,Latin America,Credential Theft,State-Sponsored,136612,13.71,7688,64.29,7.84,8,0,0,1,0
INC-00811,2021-06-25,Education,Asia Pacific,DDoS,Unknown,51492,5.01,107202,33.84,1.65,10,36555,1,0,0
INC-00812,2022-04-19,Energy,Europe,Phishing,Hacktivist,36013,26.23,3373,57.13,4.47,9,0,1,0,0
INC-00813,2024-02-12,Technology,Middle East & Africa,Malware,Hacktivist,56130,18.47,52419,18.53,2.67,13,39803,1,0,0
INC-00814,2022-06-06,Healthcare,North America,Phishing,Cybercriminal Group,56089,12.75,0,8.6,5.66,11,230943,1,1,0
INC-00815,2021-10-21,Government,Middle East & Africa,Supply Chain,Cybercriminal Group,96916,31.41,29489,43.17,5.79,7,0,0,0,0
INC-00816,2024-12-06,Government,Europe,Ransomware,Insider,54020,12.18,0,52.63,6.78,6,219520,1,1,0
INC-00817,2024-12-16,Retail,North America,DDoS,Cybercriminal Group,54776,31.23,61420,1,5.71,8,27290,1,0,0
INC-00818,2024-02-07,Finance,Middle East & Africa,Ransomware,Unknown,77969,34.09,176494,38.99,6.91,8,53862,1,1,0
INC-00819,2023-12-10,Retail,Europe,Credential Theft,State-Sponsored,264088,7.82,24151,17.43,3.72,9,0,1,1,0
INC-00820,2023-08-09,Retail,Asia Pacific,Credential Theft,Cybercriminal Group,40741,48.11,0,44.91,8.71,14,0,1,1,0
INC-00821,2022-07-30,Government,Middle East & Africa,Ransomware,Unknown,39556,12.95,247290,26.74,5.54,15,7686,1,0,0
INC-00822,2021-08-04,Energy,Latin America,Credential Theft,Unknown,27290,27.92,90090,27.06,5.08,15,0,1,0,0
INC-00823,2024-06-26,Healthcare,Europe,Supply Chain,Hacktivist,71073,8.45,87102,42.61,6.18,14,187732,0,1,0
INC-00824,2022-11-15,Retail,Latin America,DDoS,Insider,17278,4.51,0,39.3,4.17,13,0,1,0,0
INC-00825,2022-08-05,Government,Europe,Malware,State-Sponsored,93092,30.79,64738,32.31,6.21,8,0,0,0,0
INC-00826,2023-01-07,Technology,Latin America,Phishing,Unknown,89387,56.17,24428,60.26,6.43,11,29106,0,0,0
INC-00827,2024-10-15,Technology,Middle East & Africa,Supply Chain,State-Sponsored,112027,3.29,24320,5.47,5.32,7,47047,1,1,1
INC-00828,2023-04-23,Finance,Asia Pacific,Malware,Insider,49090,0.5,66074,64.69,5.3,12,0,0,0,0
INC-00829,2025-03-19,Manufacturing,North America,Credential Theft,Cybercriminal Group,74033,17.66,53712,48.11,6.05,14,0,1,1,0
INC-00830,2023-05-04,Healthcare,Latin America,Supply Chain,Cybercriminal Group,106468,34.83,56302,61.25,9.02,11,119111,0,1,0
INC-00831,2023-09-18,Finance,Latin America,Insider Threat,Insider,28736,10.05,31431,60.62,7.05,13,266866,1,1,0
INC-00832,2022-12-17,Retail,North America,DDoS,Unknown,574548,50.99,93356,63.27,8.74,21,35437,0,0,0
INC-00833,2023-03-24,Manufacturing,North America,DDoS,Cybercriminal Group,34418,39.41,85788,67.13,6.62,5,76488,1,0,0
INC-00834,2022-08-29,Retail,Europe,Supply Chain,Unknown,63039,0.5,148352,1,4.07,15,664,1,0,1
INC-00835,2024-05-14,Government,Asia Pacific,DDoS,State-Sponsored,54261,11.68,16540,29.37,4.94,15,0,1,0,0
INC-00836,2024-05-29,Finance,Europe,DDoS,Hacktivist,111937,51.89,71317,95.82,9.59,9,25514,0,0,1
INC-00837,2021-08-04,Manufacturing,Europe,Insider Threat,Cybercriminal Group,116038,29.66,0,66.56,8.54,10,35247,0,1,0
INC-00838,2024-04-15,Government,Latin America,Supply Chain,Unknown,71985,18.68,14332,21.09,7.71,13,117424,1,1,0
INC-00839,2023-03-27,Technology,Latin America,Supply Chain,Cybercriminal Group,54844,0.5,77742,38.36,5.23,10,0,1,1,0
INC-00840,2023-03-14,Retail,Europe,DDoS,Insider,64676,36.27,98968,40.4,7.1,15,36109,0,1,0
INC-00841,2022-12-02,Finance,Latin America,Phishing,Unknown,138585,37.12,10410,1,6.53,14,0,0,0,0
INC-00842,2022-08-22,Government,Asia Pacific,Phishing,Cybercriminal Group,162061,55.14,9699,33.91,7.13,13,48181,0,0,0
INC-00843,2024-04-21,Retail,Latin America,Insider Threat,Cybercriminal Group,111234,21.49,7764,74.17,6.07,10,0,0,1,0
INC-00844,2021-01-28,Retail,Middle East & Africa,Insider Threat,Insider,527169,0.5,0,10.15,4.36,7,46291,1,0,0
INC-00845,2021-07-09,Energy,Middle East & Africa,Malware,Cybercriminal Group,54617,61.65,122559,28.65,6.28,15,0,0,0,0
INC-00846,2021-06-14,Education,Europe,Ransomware,State-Sponsored,89703,46.15,311994,47.08,6.24,11,6840,0,0,0
INC-00847,2021-05-16,Technology,North America,Insider Threat,Cybercriminal Group,20487,17.37,9696,20.37,5.75,10,32646,1,1,0
INC-00848,2023-05-30,Education,North America,Phishing,State-Sponsored,93258,1.41,88580,65.44,4.76,13,0,0,0,0
INC-00849,2022-06-22,Energy,North America,Malware,Unknown,97761,11.64,21047,57.44,6.16,9,0,0,0,1
INC-00850,2021-06-24,Healthcare,Europe,Malware,Hacktivist,136482,26.24,0,71.78,6.58,11,0,0,0,0
INC-00851,2022-03-13,Energy,Latin America,Malware,Cybercriminal Group,222075,23.66,0,25.09,6.99,13,9710,1,1,1
INC-00852,2025-01-22,Government,Latin America,Insider Threat,Cybercriminal Group,143588,8.56,0,9.7,3.96,9,6191,1,0,0
INC-00853,2024-06-19,Energy,Asia Pacific,Phishing,Cybercriminal Group,23349,24.86,0,68.44,5.98,10,24067,0,0,0
INC-00854,2023-08-04,Energy,Europe,Phishing,State-Sponsored,123571,15.01,53910,1,3.75,8,13780,0,0,0
INC-00855,2025-03-23,Healthcare,North America,Malware,Insider,204991,10.12,125673,42.62,5.62,15,0,0,0,0
INC-00856,2023-03-24,Education,Middle East & Africa,DDoS,State-Sponsored,65917,54.04,4736,74.97,8.18,8,28291,0,0,0
INC-00857,2023-03-02,Healthcare,Middle East & Africa,Malware,Unknown,33184,32.61,0,76.13,5.49,5,0,0,0,0
INC-00858,2024-11-05,Healthcare,Europe,Insider Threat,State-Sponsored,59524,30.78,37021,30.65,6.87,7,87693,0,1,0
INC-00859,2023-10-01,Manufacturing,North America,Supply Chain,Unknown,13247,0.5,0,73.58,5.67,13,25751,1,1,0
INC-00860,2024-03-26,Technology,North America,Insider Threat,Insider,77047,28.98,0,12.73,5.48,13,0,1,0,0
INC-00861,2022-07-07,Finance,Asia Pacific,Credential Theft,Insider,22649,18.8,88099,21.93,6.98,10,15239,0,1,0
INC-00862,2022-09-02,Education,Latin America,Supply Chain,State-Sponsored,55552,0.5,32383,33.45,5.32,11,9140,1,1,1
INC-00863,2022-01-21,Government,Asia Pacific,DDoS,Insider,526729,1.57,181600,40.36,4.52,9,3032,0,0,0
INC-00864,2023-10-16,Technology,North America,Phishing,State-Sponsored,187812,3.97,25032,20.46,5.09,10,17322,1,1,0
INC-00865,2023-06-10,Education,Asia Pacific,DDoS,Cybercriminal Group,16933,20.16,76188,58.34,4.83,18,17626,0,0,0
INC-00866,2024-09-27,Technology,Asia Pacific,DDoS,Cybercriminal Group,906114,34.27,57921,31.3,7.5,9,2787,1,0,0
INC-00867,2021-03-07,Education,Asia Pacific,Supply Chain,State-Sponsored,101585,0.5,33616,43.07,5.23,7,0,0,0,1
INC-00868,2024-07-07,Government,Middle East & Africa,Credential Theft,Insider,71069,28.06,0,41.32,8.16,3,213742,0,1,0
INC-00869,2022-05-14,Education,Latin America,Phishing,Hacktivist,109775,20.25,78966,18.74,3.99,9,16449,0,0,0
INC-00870,2021-04-11,Retail,Asia Pacific,Insider Threat,Hacktivist,82975,29.8,74732,26.32,6.43,16,3861,0,1,0
INC-00871,2023-04-03,Healthcare,Latin America,Credential Theft,Cybercriminal Group,488885,34.68,0,16.48,9.06,7,60048,0,1,0
INC-00872,2021-03-31,Technology,Europe,DDoS,Unknown,3712,43.36,16313,68.25,8.2,11,0,0,0,0
INC-00873,2022-12-21,Government,Europe,Phishing,Cybercriminal Group,36373,40.03,26886,23.27,7.64,15,158691,0,1,0
INC-00874,2022-12-12,Healthcare,Europe,Supply Chain,Unknown,83786,31.97,9972,74.6,6.43,10,97681,0,1,0
INC-00875,2022-08-13,Finance,Asia Pacific,DDoS,Hacktivist,764679,6.41,43934,57.32,7.05,11,0,0,0,0
INC-00876,2024-01-15,Finance,Latin America,Insider Threat,State-Sponsored,100027,29.57,40511,5.77,8.03,7,132474,0,1,1
INC-00877,2023-09-21,Education,Asia Pacific,Supply Chain,Cybercriminal Group,397558,9.39,9267,21.2,5.71,10,0,1,1,0
INC-00878,2024-01-19,Energy,Europe,Insider Threat,Unknown,9763,17.89,56185,50.77,2.67,13,0,0,0,0
INC-00879,2022-08-28,Education,Asia Pacific,Credential Theft,Hacktivist,65859,30.04,87867,37.13,7.03,9,0,0,1,0
INC-00880,2024-12-23,Education,Middle East & Africa,Supply Chain,Insider,92741,33.33,0,45.91,5.93,9,22649,0,1,0
INC-00881,2021-11-04,Retail,Europe,Supply Chain,Hacktivist,110973,30.93,0,87.83,10,9,0,0,1,1
INC-00882,2022-12-16,Finance,Asia Pacific,Ransomware,Insider,22351,26.58,220021,2.26,5.82,6,0,1,0,0
INC-00883,2023-11-08,Finance,North America,Malware,Cybercriminal Group,22376,16.0,25753,1,5.75,11,10364,1,0,0
INC-00884,2021-02-20,Government,Middle East & Africa,DDoS,Unknown,14765,39.6,52984,17.34,7.23,3,0,0,0,1
INC-00885,2023-08-15,Healthcare,Europe,Insider Threat,Hacktivist,75113,33.05,5330,35.68,7.48,13,165291,1,1,0
INC-00886,2023-06-23,Finance,Asia Pacific,Insider Threat,Cybercriminal Group,288900,22.66,32704,50.3,6.64,15,0,0,1,0
INC-00887,2021-03-11,Energy,Latin America,Phishing,Insider,23497,40.14,57372,60.92,5.96,15,0,0,0,0
INC-00888,2022-08-19,Energy,Europe,Ransomware,Cybercriminal Group,25643,30.37,0,26.85,7.67,5,66931,1,1,0
INC-00889,2021-04-09,Manufacturing,Asia Pacific,Phishing,Unknown,185219,31.94,140144,7.51,4.69,9,8008,1,0,0
INC-00890,2024-08-26,Energy,Europe,Phishing,Cybercriminal Group,102406,21.12,0,44.04,6.26,9,10945,0,1,0
INC-00891,2022-06-05,Finance,Latin America,Malware,Cybercriminal Group,16537,21.65,84758,50.95,7.91,16,0,0,1,1
INC-00892,2022-07-25,Healthcare,Latin America,Credential Theft,Unknown,29684,33.96,17844,13.15,5.61,6,22256,0,0,0
INC-00893,2022-10-01,Retail,Latin America,Phishing,Insider,35036,0.5,60459,68.19,3.98,11,1060,0,0,0
INC-00894,2021-06-02,Healthcare,Asia Pacific,Malware,Cybercriminal Group,244810,60.78,44686,33.37,10,4,36748,0,0,1
INC-00895,2024-07-06,Manufacturing,Middle East & Africa,Malware,State-Sponsored,435410,12.75,1476,28.18,3.64,9,4880,1,0,0
INC-00896,2025-01-26,Education,Europe,DDoS,Cybercriminal Group,58843,35.6,39353,23.47,4.15,5,33509,1,0,0
INC-00897,2021-12-03,Healthcare,Latin America,DDoS,Unknown,40456,28.24,31374,8.92,4.28,17,84133,1,0,0
INC-00898,2024-10-31,Healthcare,Europe,Insider Threat,Cybercriminal Group,37275,23.69,0,48.81,8.72,6,169593,0,1,0
INC-00899,2024-12-11,Technology,North America,Insider Threat,Unknown,7654,43.04,93362,49.48,7.52,13,0,0,1,0
INC-00900,2024-08-11,Retail,Asia Pacific,Insider Threat,Unknown,43703,26.24,0,51.52,7.25,8,0,0,1,0
INC-00901,2023-05-26,Technology,Middle East & Africa,Ransomware,Hacktivist,96638,20.03,226224,67.83,4.82,11,0,0,1,0
INC-00902,2021-03-19,Finance,North America,Credential Theft,Cybercriminal Group,71438,58.64,94617,16.42,7.12,9,26544,0,0,0
INC-00903,2023-03-07,Technology,Europe,Phishing,State-Sponsored,171534,48.23,21830,48.73,8.52,2,0,0,1,0
INC-00904,2021-06-10,Finance,Europe,Malware,Cybercriminal Group,112769,51.42,100183,32.19,10,9,0,0,1,1
INC-00905,2024-09-24,Manufacturing,Europe,Insider Threat,Hacktivist,160944,31.06,72255,25.93,5.04,8,1089,0,0,0
INC-00906,2021-03-15,Energy,North America,Supply Chain,State-Sponsored,647564,10.32,105188,1,3.77,13,0,0,0,0
INC-00907,2021-12-24,Finance,Asia Pacific,Phishing,Unknown,51541,6.16,6530,79.56,3.99,9,0,1,0,0
INC-00908,2021-07-10,Government,Europe,Ransomware,State-Sponsored,88256,22.5,355014,21.28,6.56,7,50379,0,1,0
INC-00909,2021-04-21,Finance,North America,Credential Theft,Hacktivist,737224,43.31,50031,39.27,10,6,76712,1,1,0
INC-00910,2023-10-16,Retail,Middle East & Africa,Ransomware,Cybercriminal Group,38899,26.98,117487,24.68,6.93,8,0,0,1,0
INC-00911,2023-12-11,Government,Middle East & Africa,Malware,Insider,20106,35.67,42712,1,6.18,8,0,0,0,0
INC-00912,2023-04-13,Manufacturing,Europe,Insider Threat,Unknown,31329,21.56,0,62.44,7.44,7,41690,0,1,0
INC-00913,2023-02-14,Technology,Middle East & Africa,Supply Chain,Insider,9035,56.84,92465,25.81,6.94,10,0,1,0,0
INC-00914,2021-01-10,Government,Middle East & Africa,Ransomware,State-Sponsored,123375,27.52,50091,1,6.74,9,75354,0,1,0
INC-00915,2021-11-19,Manufacturing,Latin America,Insider Threat,State-Sponsored,27435,32.9,141272,36.84,5.96,15,26904,0,1,0
INC-00916,2024-04-30,Education,Asia Pacific,Credential Theft,Hacktivist,20486,54.62,18546,1,5.89,9,69657,0,0,0
INC-00917,2024-06-20,Healthcare,North America,Supply Chain,Insider,433271,20.26,72260,49.21,5.21,11,8161,1,0,0
INC-00918,2023-10-11,Education,Latin America,Credential Theft,Unknown,49825,0.5,0,1,4.69,12,48767,0,1,0
INC-00919,2023-05-05,Education,Latin America,DDoS,Cybercriminal Group,101564,25.87,11863,54.06,5.6,12,70425,0,0,0
INC-00920,2021-08-26,Healthcare,North America,DDoS,Hacktivist,134456,0.5,0,47.15,3.84,13,58580,0,0,0
INC-00921,2024-10-21,Energy,Middle East & Africa,Ransomware,Cybercriminal Group,683295,27.09,156147,46.34,6.97,2,16994,1,1,0
INC-00922,2025-02-24,Manufacturing,North America,Phishing,Unknown,16078,8.61,0,50.89,5.0,8,12364,1,1,0
INC-00923,2024-12-15,Healthcare,Middle East & Africa,Phishing,Insider,84300,70.84,0,68.25,8.7,4,2208,0,0,0
INC-00924,2022-12-02,Finance,Middle East & Africa,Ransomware,Unknown,134842,0.5,4238,10.93,4.41,16,20805,1,0,0
INC-00925,2023-09-14,Energy,North America,Phishing,Insider,98926,35.86,17947,45.7,5.52,14,0,0,0,0
INC-00926,2023-05-24,Technology,North America,Insider Threat,Insider,266628,19.79,79691,1,6.09,15,16396,1,1,0
INC-00927,2023-05-08,Education,Asia Pacific,DDoS,Insider,80835,5.41,42024,6.98,2.19,9,31947,1,0,0
INC-00928,2023-12-12,Manufacturing,North America,DDoS,Insider,24068,29.86,135482,4.58,5.07,8,9085,0,0,0
INC-00929,2024-11-22,Finance,Asia Pacific,Malware,Insider,130204,8.22,0,28.76,4.18,10,0,0,0,0
INC-00930,2022-04-15,Technology,Middle East & Africa,Malware,State-Sponsored,37855,19.77,0,42.32,4.39,12,0,0,0,0
INC-00931,2024-09-09,Manufacturing,Latin America,Ransomware,Cybercriminal Group,197420,22.27,295826,31.22,6.76,9,0,1,1,1
INC-00932,2021-03-13,Education,Asia Pacific,Malware,Insider,599979,32.27,70053,20.54,6.01,3,0,0,0,0
INC-00933,2022-11-24,Retail,Latin America,Ransomware,State-Sponsored,64063,21.98,64176,38.72,6.48,10,0,0,1,0
INC-00934,2024-10-04,Retail,Latin America,Insider Threat,Unknown,281681,36.4,37750,42.09,6.84,7,0,0,1,0
INC-00935,2023-06-04,Finance,Latin America,Phishing,Hacktivist,20613,35.66,90661,54.01,6.75,12,22437,1,0,0
INC-00936,2023-12-23,Manufacturing,Europe,Phishing,Cybercriminal Group,43145,20.09,0,27.53,3.91,10,2396,1,0,0
INC-00937,2023-05-15,Education,Asia Pacific,Insider Threat,State-Sponsored,453083,0.5,0,44.26,4.91,11,0,0,1,0
INC-00938,2023-05-18,Manufacturing,Middle East & Africa,Ransomware,State-Sponsored,72747,52.07,49102,65.45,8.48,18,0,1,1,0
INC-00939,2025-03-12,Manufacturing,Middle East & Africa,Malware,Cybercriminal Group,141148,43.99,31108,10.35,5.6,7,0,0,0,0
INC-00940,2022-05-15,Government,Latin America,DDoS,Cybercriminal Group,158718,30.99,0,36.44,5.08,8,0,0,0,0
INC-00941,2023-10-21,Finance,Latin America,Insider Threat,Unknown,71951,43.66,0,6.38,5.89,11,62465,1,0,0
INC-00942,2023-05-12,Healthcare,Middle East & Africa,Insider Threat,Insider,16867,38.03,3274,17.25,8.86,17,0,0,1,0
INC-00943,2024-04-20,Energy,Latin America,Credential Theft,Hacktivist,534221,14.07,14655,24.72,6.91,10,62144,0,1,0
INC-00944,2021-12-10,Technology,Middle East & Africa,DDoS,Hacktivist,19395,11.55,6695,9.15,4.64,4,25985,1,0,1
INC-00945,2022-12-29,Retail,Middle East & Africa,Ransomware,Hacktivist,63621,12.93,94135,71.48,6.89,15,2653,0,1,0
INC-00946,2021-09-03,Finance,Latin America,Malware,Cybercriminal Group,29008,0.5,19735,44.16,3.78,9,0,1,0,0
INC-00947,2022-04-28,Government,Europe,Supply Chain,State-Sponsored,49890,41.61,95028,67.92,6.99,14,142730,0,1,0
INC-00948,2025-03-25,Finance,Europe,Insider Threat,Hacktivist,123953,20.62,0,27.54,8.98,6,0,0,1,0
INC-00949,2023-08-04,Energy,Europe,Supply Chain,State-Sponsored,34396,60.75,0,20.12,9.69,14,0,0,1,1
INC-00950,2022-02-05,Government,North America,DDoS,Insider,474239,45.45,86857,37.49,7.91,9,45623,0,0,0
INC-00951,2022-02-26,Retail,North America,Ransomware,State-Sponsored,4476,24.95,45882,40.8,5.61,12,27182,0,1,0
INC-00952,2024-12-30,Government,North America,Phishing,Cybercriminal Group,310318,1.39,5126,43.25,4.6,12,32018,0,0,0
INC-00953,2023-11-08,Healthcare,Europe,DDoS,Hacktivist,242501,20.25,0,51.16,5.47,15,0,1,0,0
INC-00954,2024-02-12,Retail,North America,DDoS,Unknown,8122,28.15,0,34.56,6.75,7,22216,1,1,0
INC-00955,2024-01-17,Finance,Middle East & Africa,Insider Threat,Unknown,27726,24.5,75536,71.59,6.75,10,0,0,1,0
INC-00956,2025-02-09,Healthcare,Latin America,Insider Threat,Cybercriminal Group,192767,48.19,142533,63.02,8.31,12,0,1,1,0
INC-00957,2021-05-30,Finance,Latin America,DDoS,State-Sponsored,9292,11.49,139998,60.07,6.25,17,0,0,0,0
INC-00958,2021-11-06,Healthcare,Asia Pacific,Credential Theft,Hacktivist,326620,27.82,111598,38.41,5.55,12,0,1,0,0
INC-00959,2021-04-12,Finance,North America,Credential Theft,Unknown,129255,44.96,104080,18.58,8.3,9,191945,0,1,0
INC-00960,2024-11-24,Education,Asia Pacific,Phishing,Unknown,80821,39.75,0,10.44,6.64,3,29961,0,1,0
INC-00961,2023-02-25,Education,Europe,Insider Threat,Hacktivist,80466,1.77,53271,91.26,5.84,10,16194,0,1,0
INC-00962,2021-07-11,Retail,Asia Pacific,DDoS,State-Sponsored,111567,0.5,0,51.35,5.26,13,0,0,1,0
INC-00963,2022-12-11,Government,Asia Pacific,DDoS,Hacktivist,128682,35.85,0,68.4,7.84,9,40673,1,0,0
INC-00964,2022-04-12,Government,North America,Phishing,Cybercriminal Group,38541,19.91,51011,41.87,6.45,5,15329,0,0,0
INC-00965,2023-01-06,Government,Asia Pacific,Insider Threat,State-Sponsored,26832,30.81,29945,33.6,6.71,5,201106,1,1,0
INC-00966,2024-10-20,Manufacturing,Latin America,Malware,Unknown,161311,31.79,23213,71.66,8.86,12,0,0,1,1
INC-00967,2022-04-17,Technology,Asia Pacific,Malware,Hacktivist,303960,24.19,138926,18.15,6.15,12,0,1,0,0
INC-00968,2022-10-25,Government,Europe,Ransomware,State-Sponsored,183918,26.14,333886,36.92,7.66,11,22506,0,1,0
INC-00969,2021-07-16,Education,Middle East & Africa,Insider Threat,Cybercriminal Group,25123,0.5,43149,45.12,3.45,16,17360,0,1,0
INC-00970,2021-11-28,Manufacturing,Asia Pacific,Insider Threat,Insider,96424,9.51,105277,64.42,5.0,9,0,1,1,0
INC-00971,2023-11-04,Energy,Europe,Phishing,Cybercriminal Group,71837,30.51,74553,58.05,6.12,4,35790,0,0,0
INC-00972,2024-01-09,Technology,Middle East & Africa,Supply Chain,State-Sponsored,148471,35.9,0,44.84,7.26,14,25646,0,1,0
INC-00973,2023-11-29,Education,Middle East & Africa,Phishing,State-Sponsored,22761,22.18,0,51.74,3.68,14,19012,0,0,0
INC-00974,2021-12-15,Education,Asia Pacific,Malware,State-Sponsored,192114,25.44,138608,56.03,5.02,13,29123,0,0,0
INC-00975,2022-02-24,Healthcare,Middle East & Africa,Supply Chain,State-Sponsored,203505,54.58,54031,2.47,7.99,4,11466,0,1,0
INC-00976,2023-02-11,Technology,North America,Phishing,Hacktivist,85027,60.91,9400,15.53,7.42,3,56836,0,0,0
INC-00977,2022-04-04,Government,Latin America,Credential Theft,Hacktivist,231705,31.1,10131,19.47,7.06,11,130973,0,1,0
INC-00978,2021-03-15,Education,North America,Malware,Unknown,32073,43.77,0,42.83,5.83,12,0,1,0,0
INC-00979,2022-03-16,Healthcare,Latin America,Insider Threat,Hacktivist,53100,29.54,0,32.95,7.79,12,165749,0,1,0
INC-00980,2024-04-22,Government,Asia Pacific,Supply Chain,Cybercriminal Group,21648,12.8,79304,25.47,6.3,16,55177,1,1,0
INC-00981,2022-07-03,Healthcare,Asia Pacific,DDoS,State-Sponsored,148297,1.14,100361,75.78,5.91,9,22981,1,0,0
INC-00982,2021-05-25,Education,Asia Pacific,Supply Chain,Insider,181129,17.98,63728,39.7,6.76,5,38674,1,1,0
INC-00983,2024-05-18,Finance,Latin America,DDoS,Unknown,56954,38.17,29493,49.84,7.02,16,0,0,0,0
INC-00984,2025-02-19,Technology,Europe,Malware,State-Sponsored,46559,39.8,32368,22.36,4.98,2,0,1,0,0
INC-00985,2022-07-19,Retail,Latin America,Supply Chain,State-Sponsored,49312,41.02,0,47.96,4.72,13,0,1,0,0
INC-00986,2024-12-11,Education,Middle East & Africa,Malware,State-Sponsored,74808,9.08,0,76.9,3.94,15,0,0,0,0
INC-00987,2021-08-04,Retail,Latin America,Ransomware,Cybercriminal Group,70109,31.61,301039,24.54,6.56,12,13900,0,1,0
INC-00988,2021-06-14,Retail,North America,DDoS,Cybercriminal Group,28209,42.21,22890,36.63,7.19,3,15617,0,1,0
INC-00989,2022-05-09,Education,Latin America,DDoS,Insider,167221,19.83,25498,47.34,6.26,6,0,0,0,0
INC-00990,2024-05-30,Technology,Asia Pacific,Ransomware,Cybercriminal Group,72931,28.73,73563,14.49,4.76,18,7666,1,0,0
INC-00991,2023-09-05,Manufacturing,Asia Pacific,Phishing,Hacktivist,46811,24.72,41037,54.33,5.15,5,40672,0,0,0
INC-00992,2022-05-11,Education,Middle East & Africa,Credential Theft,Hacktivist,48180,3.22,0,63.35,4.84,16,48468,1,1,0
INC-00993,2024-05-13,Technology,Latin America,DDoS,Hacktivist,103306,52.79,26277,62.87,7.76,12,5500,0,0,0
INC-00994,2024-09-18,Retail,Europe,Malware,Hacktivist,236858,26.47,52947,47.51,6.16,16,44842,0,0,1
INC-00995,2024-08-31,Government,Latin America,Insider Threat,Insider,14526,37.96,78787,35.58,8.62,6,0,0,0,0
INC-00996,2023-10-31,Education,Europe,DDoS,Cybercriminal Group,120019,23.75,56929,3.95,6.68,13,41338,0,1,1
INC-00997,2024-07-04,Healthcare,Middle East & Africa,Malware,Hacktivist,64823,0.95,5750,39.77,6.36,11,28,1,0,1
INC-00998,2021-07-08,Education,Asia Pacific,Phishing,Unknown,15752,36.31,47332,32.36,7.07,13,5016,0,1,0
INC-00999,2022-06-26,Energy,Asia Pacific,Malware,Hacktivist,162510,18.59,12737,42.6,5.67,6,78668,1,1,0
INC-01000,2025-02-23,Retail,North America,Phishing,Cybercriminal Group,15024,20.5,84696,34.79,5.27,7,11525,1,0,0
INC-01001,2023-01-09,Energy,Asia Pacific,DDoS,Hacktivist,905607,10.29,0,15.77,6.46,6,67664,0,0,1
INC-01002,2023-07-01,Manufacturing,Europe,DDoS,State-Sponsored,608957,17.86,0,69.62,6.63,14,0,0,0,0
INC-01003,2024-01-19,Manufacturing,Europe,Supply Chain,Cybercriminal Group,89149,62.3,83002,46.71,7.85,9,6056,1,0,1
INC-01004,2022-08-04,Technology,Middle East & Africa,Malware,Insider,27907,13.24,0,85.18,5.85,9,0,1,0,0
INC-01005,2023-07-05,Healthcare,Middle East & Africa,Malware,Insider,144316,15.46,81143,54.17,5.82,16,30350,0,0,0
INC-01006,2023-06-27,Energy,North America,Insider Threat,Hacktivist,114189,27.33,0,16.15,6.27,10,0,1,1,0
INC-01007,2022-06-09,Healthcare,Latin America,Malware,Hacktivist,290110,39.71,0,20.45,9.66,20,35417,0,1,1
INC-01008,2024-05-03,Education,Latin America,DDoS,Insider,12283,34.09,20203,24.96,4.85,8,38079,0,0,0
INC-01009,2022-09-07,Government,North America,Phishing,Hacktivist,13890,30.96,2792,73.16,8.13,10,60634,0,1,0
INC-01010,2023-02-01,Education,Asia Pacific,DDoS,State-Sponsored,20750,39.74,87111,9.13,3.92,14,32226,0,0,0
INC-01011,2024-11-17,Retail,North America,DDoS,Unknown,11491,60.75,98023,10.15,7.62,8,31601,0,0,0
INC-01012,2024-12-05,Finance,Europe,Malware,Insider,171420,20.61,103045,39.96,7.97,10,6557,0,0,1
INC-01013,2023-02-13,Technology,Middle East & Africa,Credential Theft,Unknown,70987,47.71,29781,30.13,7.58,12,56392,0,1,0
INC-01014,2021-11-05,Finance,Middle East & Africa,DDoS,Unknown,187499,21.25,771,24.8,6.94,13,122189,0,1,0
INC-01015,2021-06-13,Technology,Europe,Ransomware,Cybercriminal Group,135863,0.5,330793,1,3.62,5,59202,1,1,0
INC-01016,2021-07-16,Energy,Latin America,Malware,Cybercriminal Group,232731,18.79,0,17.58,2.35,12,14300,1,0,0
INC-01017,2022-07-19,Manufacturing,North America,Malware,Cybercriminal Group,74676,23.25,52060,28.08,3.32,6,8107,1,0,0
INC-01018,2023-08-29,Healthcare,Latin America,Credential Theft,Unknown,62246,17.82,15363,28.38,4.83,6,6897,1,0,0
INC-01019,2021-06-16,Retail,Middle East & Africa,Phishing,Cybercriminal Group,28285,54.78,67047,38.44,6.11,10,17680,1,0,0
INC-01020,2024-06-10,Finance,North America,Malware,Unknown,7296,25.49,0,33.42,6.63,8,0,0,0,1
INC-01021,2023-10-20,Finance,North America,DDoS,Hacktivist,254624,16.75,40596,1,4.29,2,35222,1,0,0
INC-01022,2024-07-24,Government,Latin America,Credential Theft,Cybercriminal Group,77532,17.39,39797,1,3.95,12,26430,1,0,0
INC-01023,2024-02-26,Retail,Middle East & Africa,DDoS,Cybercriminal Group,12581,0.5,88619,1,2.32,10,0,0,0,0
INC-01024,2023-04-07,Manufacturing,Middle East & Africa,DDoS,State-Sponsored,32719,14.65,63372,10.47,4.38,15,5295,1,0,0
INC-01025,2022-07-06,Retail,Latin America,Malware,State-Sponsored,192221,32.36,64487,48.19,7.11,9,0,0,1,0
INC-01026,2023-01-15,Government,Europe,Malware,State-Sponsored,15718,22.0,17536,25.53,4.79,16,0,1,0,0
INC-01027,2024-12-13,Finance,Latin America,DDoS,Hacktivist,28048,39.6,0,43.17,6.2,5,0,0,0,0
INC-01028,2023-03-21,Education,North America,DDoS,Cybercriminal Group,39034,63.52,0,40.36,7.35,14,67917,0,0,0
INC-01029,2022-12-02,Energy,Latin America,Supply Chain,Insider,35928,27.8,119152,30.12,5.71,8,37467,0,1,0
INC-01030,2021-06-21,Retail,Europe,Supply Chain,State-Sponsored,74731,41.68,0,27.43,6.81,9,32203,0,1,0
INC-01031,2021-10-13,Manufacturing,Europe,Ransomware,Cybercriminal Group,82578,25.22,394952,30.01,5.84,9,34547,1,1,0
INC-01032,2023-05-18,Retail,Middle East & Africa,Insider Threat,Insider,54461,58.83,6613,1,6.27,7,21795,1,0,0
INC-01033,2023-11-09,Finance,Europe,Malware,Cybercriminal Group,6548,0.5,79272,16.56,4.59,9,6615,1,0,0
INC-01034,2021-03-30,Technology,Asia Pacific,Malware,Hacktivist,203868,17.54,1810,22.36,3.15,10,9921,1,0,0
INC-01035,2023-04-16,Finance,Middle East & Africa,Ransomware,Cybercriminal Group,375515,0.5,210190,27.59,6.58,12,47376,1,1,0
INC-01036,2023-06-17,Government,Middle East & Africa,Supply Chain,Insider,250713,24.77,14131,28.2,8.2,15,227448,0,1,1
INC-01037,2022-11-28,Retail,North America,Credential Theft,Cybercriminal Group,203574,38.44,11618,17.27,8.43,13,0,0,1,0
INC-01038,2023-12-20,Finance,Middle East & Africa,Malware,Insider,21084,29.9,0,23.1,5.43,9,24245,1,0,0
INC-01039,2022-02-16,Finance,Europe,DDoS,Hacktivist,174938,55.96,0,31.37,7.62,13,37487,0,0,0
INC-01040,2023-03-14,Education,Europe,Credential Theft,Hacktivist,209349,38.72,0,90.92,8.8,11,4756,1,1,0
INC-01041,2023-03-05,Energy,Asia Pacific,Malware,Unknown,12532,47.13,60218,11.01,8.07,11,51276,0,1,1
INC-01042,2023-03-04,Manufacturing,Middle East & Africa,Malware,Hacktivist,424951,65.68,105154,28.28,9.3,10,0,0,0,1
INC-01043,2023-02-21,Finance,Asia Pacific,Phishing,Unknown,65873,4.28,33360,8.47,3.07,14,0,1,0,0
INC-01044,2022-06-03,Education,Latin America,Insider Threat,Cybercriminal Group,22975,27.28,0,1,7.19,7,36786,0,1,0
INC-01045,2024-02-21,Manufacturing,Latin America,Insider Threat,State-Sponsored,249784,6.3,0,5.56,6.29,6,45572,1,1,0
INC-01046,2022-02-22,Education,Latin America,Supply Chain,Unknown,215543,43.72,0,34.89,8.08,10,7099,0,1,0
INC-01047,2025-03-05,Retail,Europe,Supply Chain,Hacktivist,46685,8.39,33723,58.54,5.67,12,15410,1,1,0
INC-01048,2025-02-06,Finance,North America,Insider Threat,Hacktivist,31085,13.2,24722,6.12,5.62,9,184421,0,1,0
INC-01049,2021-07-26,Finance,Middle East & Africa,Supply Chain,Cybercriminal Group,17413,39.54,64210,59.13,6.76,14,19902,0,0,0
INC-01050,2024-08-30,Technology,Asia Pacific,Supply Chain,Hacktivist,39378,86.7,37268,29.86,10,10,0,0,1,1
INC-01051,2021-03-14,Retail,North America,Ransomware,State-Sponsored,18902,14.29,41427,26.76,3.5,6,20400,0,1,0
INC-01052,2023-05-17,Finance,North America,DDoS,Cybercriminal Group,184575,10.86,80270,15.27,6.87,8,98428,0,1,0
INC-01053,2023-12-19,Energy,Asia Pacific,Malware,Hacktivist,219204,56.37,69983,61.97,9.28,10,48599,0,1,0
INC-01054,2023-10-04,Energy,Europe,Insider Threat,State-Sponsored,16239,45.42,114412,33.5,6.58,10,20164,0,1,0
INC-01055,2024-09-29,Healthcare,Latin America,Supply Chain,State-Sponsored,24407,31.39,38517,24.31,9.56,3,0,1,1,1
INC-01056,2022-09-10,Finance,Middle East & Africa,Phishing,State-Sponsored,197326,41.95,19560,19.63,5.86,13,0,0,0,0
INC-01057,2024-01-29,Retail,Middle East & Africa,Ransomware,Cybercriminal Group,152213,0.5,389676,33.99,3.71,10,0,1,1,0
INC-01058,2021-01-28,Government,Europe,Supply Chain,Hacktivist,118636,20.87,39095,49.96,7.96,8,0,0,0,1
INC-01059,2021-09-13,Healthcare,Middle East & Africa,Phishing,State-Sponsored,35934,52.61,50775,33.44,6.65,18,13370,0,0,0
INC-01060,2023-07-14,Healthcare,Asia Pacific,Insider Threat,Insider,101561,57.68,65954,31.0,8.67,20,16748,1,1,0
INC-01061,2021-04-20,Manufacturing,Asia Pacific,Malware,Insider,62865,2.34,3889,14.63,2.17,7,32876,1,0,0
INC-01062,2021-09-16,Education,North America,Supply Chain,Insider,73993,22.77,33936,11.31,5.51,15,0,1,0,1
INC-01063,2022-11-05,Energy,Latin America,Malware,Cybercriminal Group,109959,12.27,45468,4.56,2.59,6,0,1,0,0
INC-01064,2025-01-04,Retail,Middle East & Africa,Supply Chain,Hacktivist,57945,25.26,0,39.82,5.49,12,0,1,1,0
INC-01065,2024-03-14,Technology,Latin America,Ransomware,Insider,229399,0.5,361637,69.85,5.45,6,11535,1,1,0
INC-01066,2023-07-09,Finance,Europe,Insider Threat,State-Sponsored,20731,24.57,79590,46.31,6.41,5,5964,0,0,0
INC-01067,2024-04-17,Education,Europe,Malware,Insider,68611,10.2,0,20.61,6.35,8,24116,0,1,1
INC-01068,2024-09-11,Government,Middle East & Africa,DDoS,Insider,32282,20.01,0,35.91,5.29,3,198898,1,1,0
INC-01069,2024-06-24,Education,Europe,Ransomware,Cybercriminal Group,9321,12.32,235226,8.76,5.32,10,0,1,1,0
INC-01070,2024-09-29,Education,Europe,DDoS,Insider,387110,48.28,81918,48.71,7.9,11,0,0,0,0
INC-01071,2021-09-24,Technology,North America,Insider Threat,Insider,28585,0.5,40592,38.7,6.51,10,32505,0,1,0
INC-01072,2022-01-30,Manufacturing,Europe,Credential Theft,Unknown,453799,16.34,0,5.26,5.55,9,38144,1,1,0
INC-01073,2021-05-21,Retail,North America,Supply Chain,Insider,149587,51.24,0,42.72,8.26,11,0,0,1,1
INC-01074,2024-11-04,Finance,Asia Pacific,DDoS,Unknown,107057,41.1,100260,18.33,6.85,9,0,0,0,0
INC-01075,2022-12-21,Energy,Asia Pacific,Supply Chain,Unknown,209422,44.35,0,1,5.3,5,3314,0,0,0
INC-01076,2021-06-30,Healthcare,Europe,DDoS,State-Sponsored,180936,25.58,51570,33.55,8.26,14,170867,1,1,0
INC-01077,2022-04-02,Technology,North America,Insider Threat,Cybercriminal Group,317042,22.94,77521,4.0,6.01,13,8746,1,1,0
INC-01078,2023-08-01,Education,Asia Pacific,Supply Chain,Unknown,47649,8.09,19440,41.78,7.7,8,44559,1,1,1
INC-01079,2021-09-28,Healthcare,Latin America,Insider Threat,Unknown,60955,0.5,0,69.85,5.13,12,0,0,1,0
INC-01080,2023-12-05,Technology,Middle East & Africa,DDoS,Cybercriminal Group,57126,21.13,5134,27.25,2.95,9,0,1,0,0
INC-01081,2024-09-20,Technology,Europe,Insider Threat,Hacktivist,73566,31.73,17751,40.69,7.67,12,36773,0,1,0
INC-01082,2023-10-18,Energy,Latin America,Ransomware,Unknown,140769,18.63,59192,33.78,6.37,2,3422,1,1,0
INC-01083,2023-08-16,Energy,Asia Pacific,Malware,Unknown,134693,45.25,0,39.16,6.66,10,0,0,0,1
INC-01084,2023-08-10,Government,North America,Malware,Insider,102556,0.5,10257,29.1,4.97,7,0,1,0,0
INC-01085,2023-09-15,Education,Middle East & Africa,Ransomware,Cybercriminal Group,75042,20.25,135878,23.01,3.54,8,24431,1,0,0
INC-01086,2021-11-17,Finance,Europe,DDoS,Cybercriminal Group,58763,22.76,0,54.61,5.26,11,12016,0,0,0
INC-01087,2022-06-02,Government,Europe,Supply Chain,State-Sponsored,363574,32.4,2366,53.23,7.13,10,50685,0,0,1
INC-01088,2021-06-07,Education,Middle East & Africa,DDoS,Cybercriminal Group,156686,17.05,60959,13.93,4.53,15,19344,1,0,0
INC-01089,2022-12-17,Healthcare,Middle East & Africa,Phishing,Hacktivist,134652,48.63,470,29.02,7.71,20,52166,1,1,0
INC-01090,2022-08-18,Government,Europe,DDoS,Hacktivist,407534,4.04,70157,31.56,4.92,8,37467,0,0,0
INC-01091,2021-08-04,Healthcare,Asia Pacific,Malware,Insider,79538,23.39,99962,62.47,8.82,4,253375,0,1,0
INC-01092,2021-01-03,Manufacturing,North America,Insider Threat,Hacktivist,9346,30.25,0,44.82,5.69,12,19286,0,1,0
INC-01093,2024-09-13,Government,North America,Credential Theft,Hacktivist,104232,28.83,37747,50.92,7.25,9,76716,0,1,0
INC-01094,2024-03-09,Manufacturing,North America,Insider Threat,State-Sponsored,56316,28.02,0,21.59,5.78,14,33297,1,1,0
INC-01095,2024-11-23,Finance,Latin America,Malware,State-Sponsored,36463,0.8,0,38.33,3.42,4,32115,1,0,0
INC-01096,2024-02-03,Energy,Middle East & Africa,Phishing,Unknown,502747,4.89,9195,25.95,4.86,8,0,1,0,0
INC-01097,2023-02-28,Energy,Europe,Supply Chain,State-Sponsored,153782,43.75,148604,2.21,7.07,9,0,1,1,0
INC-01098,2023-04-28,Finance,Asia Pacific,Malware,Insider,40946,28.15,0,1,4.5,6,0,0,0,0
INC-01099,2024-06-27,Healthcare,Asia Pacific,DDoS,Cybercriminal Group,52236,0.5,0,20.05,5.34,7,0,1,0,1
INC-01100,2021-02-09,Energy,North America,Supply Chain,Hacktivist,37500,13.53,69416,1,6.47,8,39066,0,1,1
INC-01101,2023-06-09,Government,Latin America,Credential Theft,Cybercriminal Group,20506,9.23,174280,29.54,5.56,10,0,1,1,0
INC-01102,2023-10-02,Manufacturing,Asia Pacific,DDoS,Unknown,30675,27.67,0,61.25,5.51,9,29721,0,0,0
INC-01103,2024-08-15,Education,Latin America,Insider Threat,Insider,29964,0.5,73491,42.15,5.12,10,2879,0,1,0
INC-01104,2021-01-08,Retail,North America,Supply Chain,Hacktivist,65223,0.5,34917,20.2,2.95,10,0,1,0,0
INC-01105,2024-08-18,Manufacturing,Asia Pacific,Supply Chain,Hacktivist,142455,23.62,30751,52.62,6.77,10,0,1,1,0
INC-01106,2023-12-31,Finance,Asia Pacific,Credential Theft,Unknown,167779,33.44,8769,16.87,6.88,11,92229,0,1,0
INC-01107,2022-03-29,Manufacturing,Latin America,Malware,Insider,155854,18.19,21266,32.71,3.57,9,16334,1,0,0
INC-01108,2022-07-08,Retail,Asia Pacific,Ransomware,Hacktivist,37986,32.55,18581,35.78,6.49,16,0,0,1,0
INC-01109,2022-01-13,Healthcare,Latin America,Credential Theft,Insider,56573,18.89,0,42.78,6.17,15,30980,1,0,0
INC-01110,2024-10-23,Education,Europe,Ransomware,Cybercriminal Group,451089,11.57,13277,11.36,6.5,8,1513,1,1,0
INC-01111,2023-09-11,Energy,Latin America,Insider Threat,Cybercriminal Group,84640,26.37,47914,40.6,5.85,12,0,0,0,1
INC-01112,2021-06-29,Finance,Europe,DDoS,Unknown,117260,39.97,130073,17.76,8.61,11,3337,0,1,0
INC-01113,2023-04-16,Healthcare,Asia Pacific,Insider Threat,Hacktivist,84120,13.83,25890,79.07,7.94,10,106751,0,1,0
INC-01114,2022-07-03,Technology,Latin America,Insider Threat,State-Sponsored,78173,50.21,47201,36.04,7.65,8,21203,1,1,0
INC-01115,2022-06-04,Manufacturing,Middle East & Africa,Supply Chain,State-Sponsored,63077,29.73,93334,28.88,5.06,10,5629,1,0,0
INC-01116,2023-02-17,Technology,Latin America,Malware,Unknown,23447,9.45,0,52.75,7.12,10,17358,0,1,1
INC-01117,2021-07-21,Technology,North America,Phishing,Hacktivist,46674,40.3,82568,31.36,6.24,7,32832,0,0,0
INC-01118,2021-11-21,Retail,North America,DDoS,Unknown,25948,25.95,4172,31.89,5.12,11,39614,1,0,0
INC-01119,2021-02-17,Energy,Middle East & Africa,Ransomware,Cybercriminal Group,115265,25.07,51387,32.75,6.3,12,44628,0,1,0
INC-01120,2022-12-14,Healthcare,Latin America,Phishing,Cybercriminal Group,121088,38.85,62236,9.88,5.41,17,59090,1,0,0
INC-01121,2023-03-14,Retail,North America,Phishing,Cybercriminal Group,48422,32.5,56141,46.06,6.26,10,7820,0,0,0
INC-01122,2023-02-07,Finance,Latin America,Malware,Unknown,445066,9.46,83651,25.65,5.01,19,355,1,0,0
INC-01123,2021-02-08,Technology,Middle East & Africa,Credential Theft,Cybercriminal Group,470106,35.05,21491,40.78,7.0,5,39400,1,0,0
INC-01124,2021-09-30,Technology,Middle East & Africa,Supply Chain,Cybercriminal Group,55583,23.27,23652,44.82,5.75,10,18897,0,1,0
INC-01125,2024-11-10,Retail,Europe,Ransomware,Unknown,105298,0.5,27595,32.16,4.65,16,13711,1,1,0
INC-01126,2023-02-12,Finance,Europe,Malware,Hacktivist,72511,0.5,70142,79.73,4.8,10,0,0,0,0
INC-01127,2025-01-03,Manufacturing,Middle East & Africa,Phishing,Hacktivist,12325,0.5,56611,63.42,4.45,18,0,1,1,0
INC-01128,2024-04-18,Technology,Europe,Phishing,Cybercriminal Group,29351,12.59,0,1,3.03,16,0,1,0,0
INC-01129,2025-02-07,Education,Asia Pacific,DDoS,Hacktivist,52978,16.32,0,19.75,4.08,8,49940,1,0,0
INC-01130,2022-08-27,Technology,Asia Pacific,DDoS,Insider,60306,46.79,100807,86.07,7.9,7,11495,1,0,0
INC-01131,2022-05-01,Finance,Middle East & Africa,Insider Threat,Hacktivist,80349,23.82,0,16.62,6.86,4,152900,1,1,0
INC-01132,2023-08-24,Technology,Latin America,Supply Chain,State-Sponsored,16854,0.5,0,66.73,5.8,9,48465,1,1,0
INC-01133,2023-06-22,Education,Middle East & Africa,Supply Chain,State-Sponsored,64573,0.5,4779,79.61,3.31,15,1387,0,0,0
INC-01134,2022-03-17,Retail,Asia Pacific,Credential Theft,Cybercriminal Group,97469,17.68,0,66.94,7.04,9,0,0,1,0
INC-01135,2021-05-08,Finance,Middle East & Africa,Credential Theft,Cybercriminal Group,176398,59.58,64934,5.67,8.91,13,5718,0,1,0
INC-01136,2023-11-17,Government,North America,Supply Chain,Cybercriminal Group,102167,32.31,48310,47.12,5.37,10,32609,1,0,0
INC-01137,2024-12-10,Technology,Latin America,Ransomware,Insider,33673,27.84,241464,58.84,7.69,11,7889,0,1,0
INC-01138,2023-02-21,Energy,Asia Pacific,DDoS,Cybercriminal Group,26628,32.36,89324,48.9,8.13,11,0,0,1,0
INC-01139,2023-11-24,Energy,Middle East & Africa,Insider Threat,Hacktivist,86600,30.5,86211,54.86,4.97,8,1881,0,0,0
INC-01140,2022-05-24,Manufacturing,Latin America,Ransomware,Cybercriminal Group,42781,36.2,192171,32.74,6.5,12,0,0,1,0
INC-01141,2023-08-19,Finance,Latin America,Malware,Unknown,328140,34.29,12814,42.0,7.81,8,47158,0,0,0
INC-01142,2024-11-29,Government,North America,Ransomware,Cybercriminal Group,169345,25.36,227169,54.77,7.03,11,106747,1,1,0
INC-01143,2023-02-19,Manufacturing,Europe,Insider Threat,State-Sponsored,77981,28.66,122230,21.22,5.53,13,45858,1,1,0
INC-01144,2024-06-14,Energy,Latin America,Credential Theft,Hacktivist,22792,22.42,83483,24.39,6.87,16,31499,0,1,0
INC-01145,2024-01-02,Manufacturing,Asia Pacific,Phishing,Hacktivist,224402,36.5,0,50.55,7.33,12,358,0,1,0
INC-01146,2021-12-13,Government,North America,DDoS,State-Sponsored,89532,11.29,21870,29.8,2.96,14,42236,1,0,0
INC-01147,2023-01-02,Education,Latin America,Malware,Cybercriminal Group,39453,70.27,70476,34.19,7.54,8,11575,0,0,0
INC-01148,2022-08-04,Retail,Asia Pacific,Phishing,State-Sponsored,58828,12.49,19109,34.89,3.25,12,14586,1,0,0
INC-01149,2023-12-20,Education,Middle East & Africa,Credential Theft,State-Sponsored,1143724,39.82,0,35.7,9.65,13,14925,1,1,0
INC-01150,2023-09-14,Finance,Asia Pacific,Malware,State-Sponsored,29789,22.32,65792,23.76,3.95,8,37015,1,0,0
INC-01151,2022-06-03,Technology,North America,Malware,Hacktivist,31551,17.96,0,26.88,6.38,7,67569,1,0,1
INC-01152,2023-08-28,Technology,Asia Pacific,Supply Chain,State-Sponsored,164678,18.09,92536,52.34,5.86,10,14359,0,1,0
INC-01153,2021-03-20,Energy,North America,Phishing,Hacktivist,55304,31.57,24051,64.38,5.05,12,0,0,0,0
INC-01154,2023-03-24,Technology,Europe,DDoS,Unknown,69696,4.6,40794,2.58,2.07,12,10626,1,0,0
INC-01155,2022-09-07,Retail,Europe,Phishing,Insider,31719,19.2,56645,14.88,3.49,5,35614,1,0,0
INC-01156,2023-03-24,Education,North America,Phishing,Cybercriminal Group,39194,13.08,0,33.27,2.84,7,43126,1,0,0
INC-01157,2022-12-22,Finance,Europe,Ransomware,Insider,78132,62.14,243732,23.91,9.5,19,34316,1,1,0
INC-01158,2021-08-28,Education,Europe,DDoS,Cybercriminal Group,22468,18.28,111185,53.37,4.44,8,12646,0,0,0
INC-01159,2023-10-22,Manufacturing,Europe,DDoS,State-Sponsored,67789,45.19,126069,24.16,6.06,13,0,0,0,0
INC-01160,2022-01-15,Healthcare,Asia Pacific,DDoS,State-Sponsored,61964,38.37,20252,54.29,8.01,17,18289,1,0,0
INC-01161,2024-05-14,Retail,Europe,Insider Threat,Unknown,35498,24.89,69354,15.56,5.91,2,0,1,1,0
INC-01162,2023-06-16,Finance,Europe,Credential Theft,Unknown,124586,16.28,19617,62.01,7.2,13,0,0,1,0
INC-01163,2022-04-02,Government,Europe,Insider Threat,State-Sponsored,6451,34.36,0,37.44,8.67,14,87035,1,1,0
INC-01164,2021-02-24,Finance,Latin America,Ransomware,Unknown,143500,31.1,0,30.31,8.68,13,46556,0,1,0
INC-01165,2023-03-07,Technology,Latin America,DDoS,Insider,85029,11.52,51968,14.27,3.91,13,18391,1,0,1
INC-01166,2024-12-16,Healthcare,Asia Pacific,Phishing,Cybercriminal Group,107926,12.77,97547,7.18,2.88,8,8401,1,0,0
INC-01167,2021-11-30,Manufacturing,Latin America,Credential Theft,Cybercriminal Group,199138,9.41,48260,47.26,6.1,9,42263,0,1,0
INC-01168,2024-12-15,Retail,Latin America,DDoS,Unknown,521338,32.99,2320,29.12,6.25,8,57710,0,0,0
INC-01169,2022-01-21,Education,Europe,Phishing,Cybercriminal Group,232880,40.09,61446,28.55,8.59,13,29316,1,1,0
INC-01170,2024-05-06,Technology,Europe,Phishing,State-Sponsored,256821,52.52,13720,27.41,6.77,15,34589,0,0,0
INC-01171,2022-04-11,Finance,North America,Ransomware,State-Sponsored,149334,47.37,18712,15.64,7.52,15,0,0,0,0
INC-01172,2021-06-10,Healthcare,Latin America,Credential Theft,Unknown,119936,30.74,0,43.41,8.42,10,126957,0,1,0
INC-01173,2022-02-21,Manufacturing,Middle East & Africa,Supply Chain,Insider,33312,13.18,0,25.47,4.08,5,0,1,1,0
INC-01174,2025-01-17,Technology,Middle East & Africa,Phishing,Insider,39015,22.66,0,37.55,4.1,18,0,1,0,0
INC-01175,2021-12-09,Education,Asia Pacific,Ransomware,Cybercriminal Group,94022,66.78,0,40.15,9.8,11,91479,0,1,0
INC-01176,2025-01-10,Healthcare,Europe,Supply Chain,Cybercriminal Group,162195,31.14,25799,48.45,6.26,10,14774,0,0,0
INC-01177,2021-05-09,Retail,North America,Phishing,Unknown,174018,10.68,58357,1,3.12,6,26826,1,0,0
INC-01178,2023-08-15,Retail,Middle East & Africa,Phishing,Insider,180898,30.45,39833,37.6,4.99,10,6377,0,0,0
INC-01179,2024-02-19,Technology,Latin America,DDoS,Insider,45015,38.42,0,30.23,7.36,3,14422,1,1,0
INC-01180,2021-09-10,Healthcare,Middle East & Africa,Credential Theft,Unknown,147247,0.5,136634,1,5.75,9,0,1,1,0
INC-01181,2022-12-07,Manufacturing,Latin America,Phishing,Insider,47488,0.5,27300,47.42,4.48,18,0,0,0,0
INC-01182,2021-04-21,Energy,Latin America,Malware,State-Sponsored,295982,37.92,0,31.98,6.6,6,41579,0,0,1
INC-01183,2021-01-28,Energy,North America,DDoS,Hacktivist,46092,45.11,0,13.14,8.02,7,16282,0,1,0
INC-01184,2024-08-01,Manufacturing,Middle East & Africa,Malware,Hacktivist,4751,35.9,24918,15.67,4.75,8,34185,1,0,0
INC-01185,2023-11-01,Manufacturing,Asia Pacific,Malware,Hacktivist,13464,52.65,130656,32.96,6.82,2,20369,0,0,0
INC-01186,2021-05-06,Healthcare,Middle East & Africa,Phishing,Cybercriminal Group,99220,22.52,0,64.54,6.94,13,0,0,0,0
INC-01187,2021-06-08,Technology,Middle East & Africa,Ransomware,Unknown,58148,27.63,381373,63.57,8.25,15,0,1,1,0
INC-01188,2023-09-16,Technology,Middle East & Africa,Ransomware,Cybercriminal Group,36888,66.58,134707,42.03,8.58,13,30940,0,1,0
INC-01189,2022-10-25,Retail,Latin America,Malware,State-Sponsored,51747,27.84,13849,17.49,3.63,10,52462,1,0,0
INC-01190,2023-11-16,Finance,Middle East & Africa,Ransomware,Hacktivist,181831,30.24,206966,36.67,5.32,9,7848,0,0,0
INC-01191,2025-01-31,Finance,Asia Pacific,Supply Chain,Hacktivist,215456,20.23,75778,16.08,5.59,8,0,1,0,1
INC-01192,2021-05-08,Energy,Middle East & Africa,Insider Threat,State-Sponsored,312599,36.16,68915,28.1,7.21,7,18379,0,1,0
INC-01193,2025-01-23,Energy,Europe,Ransomware,Hacktivist,158341,2.08,112114,47.69,2.78,15,323,0,0,0
INC-01194,2021-12-25,Healthcare,Asia Pacific,Malware,State-Sponsored,177742,22.51,63729,15.72,5.94,10,0,1,0,0
INC-01195,2021-02-08,Education,Latin America,Supply Chain,Unknown,218786,12.02,23932,36.54,5.32,11,36219,1,0,1
INC-01196,2021-04-27,Government,Latin America,Phishing,Cybercriminal Group,36723,52.43,105218,71.5,9.52,7,0,0,0,0
INC-01197,2023-01-18,Education,Latin America,Phishing,State-Sponsored,34820,14.5,28278,41.37,4.01,18,32709,0,0,0
INC-01198,2025-02-14,Energy,Latin America,Supply Chain,Unknown,4705,20.55,29432,20.59,4.98,11,1048,1,1,0
INC-01199,2024-10-31,Finance,Asia Pacific,Phishing,Hacktivist,25702,20.68,37770,20.63,5.69,7,0,1,0,0
INC-01200,2024-06-19,Technology,Middle East & Africa,Insider Threat,Hacktivist,16686,44.49,21958,28.78,6.46,6,0,1,1,0
INC-01201,2022-10-15,Energy,Latin America,Insider Threat,Cybercriminal Group,92691,46.63,0,55.39,6.38,12,0,1,0,0
INC-01202,2022-03-16,Finance,Latin America,Ransomware,Unknown,86901,31.88,261480,65.41,7.02,11,0,0,0,0
INC-01203,2022-01-19,Technology,North America,Credential Theft,Insider,38340,19.2,13091,64.13,5.64,11,7276,0,0,0
INC-01204,2024-06-25,Technology,Latin America,Credential Theft,Cybercriminal Group,81827,23.62,60002,26.01,4.39,10,37414,1,0,0
INC-01205,2021-08-08,Technology,Middle East & Africa,Phishing,Insider,79962,20.8,5707,38.52,3.74,7,49548,1,0,0
INC-01206,2024-02-14,Education,Europe,Ransomware,Cybercriminal Group,30000,38.0,0,24.07,7.65,11,1704,1,0,1
INC-01207,2023-07-07,Technology,Middle East & Africa,Credential Theft,Insider,708657,37.43,86110,44.77,9.36,9,17870,0,1,0
INC-01208,2022-09-24,Finance,North America,Insider Threat,Insider,29034,26.16,0,51.18,8.6,4,25196,0,1,0
INC-01209,2022-12-14,Retail,Latin America,Credential Theft,Unknown,15178,23.68,57148,38.52,4.63,6,85262,1,1,0
INC-01210,2021-03-12,Education,Europe,Credential Theft,State-Sponsored,369375,23.55,60270,37.78,5.51,4,0,1,1,0
INC-01211,2021-08-31,Education,Asia Pacific,Ransomware,State-Sponsored,45487,7.13,214408,2.69,3.45,15,23726,1,0,0
INC-01212,2021-11-22,Technology,North America,Credential Theft,Unknown,175611,13.99,77548,26.3,6.27,14,0,1,1,1
INC-01213,2025-01-24,Technology,Asia Pacific,Supply Chain,Unknown,275901,31.97,56787,54.69,7.03,14,39078,0,1,1
INC-01214,2024-10-02,Retail,Latin America,Credential Theft,Hacktivist,48147,35.25,0,28.38,6.88,6,0,1,1,0
INC-01215,2023-08-03,Energy,Latin America,Ransomware,Cybercriminal Group,828304,38.68,418179,1.02,9.9,11,0,0,1,0
INC-01216,2023-05-27,Retail,North America,Malware,Cybercriminal Group,33367,45.9,22377,37.48,7.89,3,0,0,0,1
INC-01217,2024-01-17,Finance,North America,Supply Chain,Hacktivist,21815,16.26,0,33.8,5.68,9,8203,1,0,1
INC-01218,2022-05-14,Healthcare,Asia Pacific,Ransomware,Cybercriminal Group,53843,17.02,96871,18.14,6.16,14,47265,1,1,0
INC-01219,2024-10-05,Education,Europe,Malware,Insider,99858,18.07,95385,21.36,4.35,4,35030,1,0,0
INC-01220,2024-12-11,Energy,Latin America,Insider Threat,Cybercriminal Group,190863,43.72,61844,27.79,9.02,2,43865,0,1,0
INC-01221,2021-10-15,Manufacturing,Asia Pacific,Supply Chain,Unknown,312840,15.74,109614,1,5.3,21,26053,1,1,0
INC-01222,2024-06-14,Technology,Middle East & Africa,Ransomware,Unknown,318642,22.41,114033,9.71,4.01,6,0,1,0,0
INC-01223,2022-12-04,Healthcare,Asia Pacific,Phishing,Cybercriminal Group,63734,40.85,11350,46.17,8.1,14,32344,0,0,1
INC-01224,2023-01-21,Manufacturing,Asia Pacific,Malware,Hacktivist,23158,7.54,54562,29.03,2.43,5,7215,1,0,0
INC-01225,2024-04-05,Energy,Middle East & Africa,Phishing,Hacktivist,114145,35.52,31188,47.83,4.84,11,41255,1,0,0
INC-01226,2023-12-29,Retail,Middle East & Africa,Phishing,Unknown,127108,11.07,92873,49.17,4.95,8,10094,1,1,0
INC-01227,2022-04-30,Education,Europe,Malware,Cybercriminal Group,198360,33.59,36394,56.64,7.9,17,39593,0,1,0
INC-01228,2024-07-29,Technology,North America,Insider Threat,Hacktivist,25742,57.58,80573,84.55,7.23,14,15465,1,0,0
INC-01229,2024-08-06,Retail,Middle East & Africa,Insider Threat,State-Sponsored,39150,30.31,23813,18.82,4.68,13,0,0,0,0
INC-01230,2025-01-23,Government,Asia Pacific,Ransomware,Unknown,109754,35.44,301185,53.45,6.87,8,158237,0,1,0
INC-01231,2021-09-10,Education,Europe,Phishing,Hacktivist,426377,37.46,0,15.29,5.13,8,19154,0,0,0
INC-01232,2021-03-13,Healthcare,Europe,Supply Chain,State-Sponsored,22906,35.11,0,12.8,5.71,12,0,0,0,0
INC-01233,2023-01-23,Manufacturing,Europe,Ransomware,Insider,41802,41.41,349113,93.47,8.55,8,29847,1,1,0
INC-01234,2023-01-22,Finance,North America,Credential Theft,Insider,32042,73.5,50954,29.51,9.95,11,128019,0,1,0
INC-01235,2023-01-16,Technology,North America,Phishing,Insider,245962,14.84,43149,61.01,5.45,17,17360,1,0,0
INC-01236,2022-10-02,Finance,Middle East & Africa,Insider Threat,Unknown,107223,41.74,61570,1,7.87,9,97665,0,1,0
INC-01237,2023-03-25,Finance,Middle East & Africa,Credential Theft,Cybercriminal Group,153732,31.27,49165,18.19,6.49,4,0,1,0,0
INC-01238,2023-04-12,Healthcare,Middle East & Africa,Insider Threat,Cybercriminal Group,270381,36.17,61209,31.9,8.37,3,112393,0,1,0
INC-01239,2025-03-20,Energy,Middle East & Africa,Phishing,Hacktivist,118429,10.13,20308,55.49,5.97,9,53983,0,0,1
INC-01240,2021-07-02,Retail,Middle East & Africa,Ransomware,Cybercriminal Group,82488,65.2,329288,56.48,7.38,13,57524,0,0,0
INC-01241,2021-07-20,Finance,Europe,Credential Theft,State-Sponsored,104328,32.71,41375,56.42,8.74,12,89613,0,1,0
INC-01242,2024-06-04,Finance,North America,Phishing,Hacktivist,60697,11.43,0,45.17,5.45,16,17793,0,0,0
INC-01243,2023-01-30,Finance,Latin America,DDoS,Insider,51333,26.19,29675,32.12,8.4,12,131871,0,1,0
INC-01244,2024-06-26,Technology,Middle East & Africa,Phishing,Insider,122058,27.44,0,57.71,4.82,9,21516,0,0,0
INC-01245,2023-10-06,Education,Middle East & Africa,Supply Chain,Unknown,75883,35.06,10578,56.04,8.31,17,0,0,1,1
INC-01246,2023-06-11,Energy,Asia Pacific,Credential Theft,Unknown,517807,44.21,47883,31.96,6.67,15,10937,1,0,0
INC-01247,2021-08-14,Finance,Latin America,Insider Threat,Cybercriminal Group,48361,22.49,20539,66.69,5.47,5,69080,0,0,0
INC-01248,2021-06-23,Education,Europe,Credential Theft,Insider,45455,46.5,33381,46.88,7.9,9,17669,0,1,0
INC-01249,2024-03-10,Finance,Asia Pacific,Credential Theft,Hacktivist,70344,13.72,7067,23.54,4.66,7,20373,1,0,0
INC-01250,2022-11-25,Retail,Latin America,Phishing,Insider,57882,25.11,63317,46.54,3.16,7,12159,1,0,0
INC-01251,2024-04-04,Energy,Middle East & Africa,DDoS,Unknown,147512,13.03,19179,50.66,3.49,12,13458,0,0,0
INC-01252,2024-12-24,Government,North America,Insider Threat,Cybercriminal Group,87815,31.3,42059,91.25,8.98,11,0,0,1,0
INC-01253,2024-03-12,Education,Asia Pacific,Credential Theft,Cybercriminal Group,45345,25.59,117636,40.54,7.21,10,32750,0,1,0
INC-01254,2024-08-30,Manufacturing,North America,Ransomware,Unknown,48563,50.63,257974,63.77,8.24,9,28715,0,1,0
INC-01255,2022-10-05,Retail,Latin America,Supply Chain,State-Sponsored,24535,14.22,47630,47.03,5.01,8,0,0,0,0
INC-01256,2024-11-30,Education,North America,DDoS,Cybercriminal Group,98551,16.76,1172,10.62,3.42,7,0,1,0,0
INC-01257,2023-11-15,Retail,Europe,Ransomware,Hacktivist,119671,6.32,364828,21.64,5.29,16,0,1,0,1
INC-01258,2023-06-28,Manufacturing,Asia Pacific,Insider Threat,Hacktivist,37682,20.87,0,54.97,5.98,9,0,0,1,0
INC-01259,2024-05-21,Energy,Middle East & Africa,Malware,Unknown,148276,13.78,0,35.92,4.28,11,19529,1,0,0
INC-01260,2024-07-26,Healthcare,Asia Pacific,Phishing,Unknown,170538,33.75,12976,29.6,6.91,5,0,0,0,0
INC-01261,2025-03-31,Energy,Europe,Ransomware,Unknown,105232,23.72,65922,1.71,4.53,9,82214,0,0,0
INC-01262,2022-03-12,Healthcare,North America,Credential Theft,Hacktivist,19795,8.91,4439,18.47,4.35,8,33951,1,0,0
INC-01263,2023-12-13,Finance,Europe,Malware,Cybercriminal Group,78253,18.43,26797,59.18,5.5,7,21386,0,0,0
INC-01264,2021-05-05,Technology,Asia Pacific,Insider Threat,Insider,45634,8.34,78252,70.84,4.94,7,0,1,1,0
INC-01265,2024-12-31,Manufacturing,Asia Pacific,Ransomware,Hacktivist,21125,30.37,228031,4.21,4.58,9,0,0,1,0
INC-01266,2024-02-24,Finance,Latin America,Credential Theft,Hacktivist,447265,31.39,0,33.92,6.14,6,68487,1,0,0
INC-01267,2023-04-02,Technology,North America,Phishing,Insider,322312,0.5,108067,34.22,2.41,13,4972,1,0,0
INC-01268,2024-03-07,Energy,North America,Phishing,Insider,27864,33.11,63866,28.34,4.67,5,0,0,0,0
INC-01269,2023-10-22,Energy,North America,Insider Threat,Unknown,27701,5.4,73216,18.12,4.11,11,37040,1,1,0
INC-01270,2022-09-07,Retail,North America,Ransomware,State-Sponsored,281581,34.31,244842,1,6.77,4,0,1,1,0
INC-01271,2024-08-17,Government,Latin America,Phishing,Cybercriminal Group,46140,42.17,28150,1,7.77,9,0,0,1,0
INC-01272,2022-08-16,Energy,Latin America,Phishing,Unknown,23531,71.96,78272,69.15,9.43,13,5335,1,0,0
INC-01273,2022-09-21,Government,Middle East & Africa,DDoS,Insider,27497,26.33,0,46.5,7.44,12,0,1,1,0
INC-01274,2022-07-30,Retail,Asia Pacific,Ransomware,State-Sponsored,47568,0.5,152699,49.37,4.19,9,12986,0,1,0
INC-01275,2022-03-26,Technology,Europe,Phishing,Insider,227435,21.09,0,29.67,5.35,12,0,1,0,1
INC-01276,2024-11-27,Education,Europe,Insider Threat,State-Sponsored,15296,8.59,61626,31.29,3.64,9,24986,0,0,0
INC-01277,2024-02-24,Retail,Latin America,Insider Threat,State-Sponsored,13597,28.47,35116,27.94,4.67,18,0,1,0,0
INC-01278,2024-09-26,Finance,Asia Pacific,DDoS,State-Sponsored,10295,0.5,45679,19.6,4.48,16,41405,1,0,0
INC-01279,2023-09-09,Government,North America,Phishing,Unknown,353489,13.09,43072,63.95,6.24,12,22787,0,0,0
INC-01280,2024-09-16,Manufacturing,Europe,Phishing,Cybercriminal Group,52838,21.23,7482,33.16,5.25,10,6532,1,0,0
INC-01281,2024-08-30,Healthcare,Europe,Credential Theft,Hacktivist,118326,58.04,61096,10.47,8.13,13,0,0,0,0
INC-01282,2023-06-20,Education,Europe,DDoS,Unknown,118021,0.5,120896,16.86,3.77,6,11572,1,0,0
INC-01283,2022-07-12,Retail,North America,Phishing,State-Sponsored,18283,0.5,0,35.17,5.5,12,14044,1,0,1
INC-01284,2024-09-09,Manufacturing,Asia Pacific,Phishing,State-Sponsored,195743,46.87,11117,50.37,7.47,13,0,0,0,0
INC-01285,2021-04-17,Education,North America,Ransomware,Insider,14574,40.88,390514,15.15,6.15,8,12443,0,1,0
INC-01286,2024-12-19,Retail,North America,Credential Theft,State-Sponsored,335731,29.24,0,26.49,6.3,12,0,1,1,0
INC-01287,2022-10-26,Healthcare,Europe,Ransomware,Cybercriminal Group,11558,10.57,151497,12.55,6.85,13,3766,0,1,0
INC-01288,2024-03-02,Manufacturing,Asia Pacific,DDoS,Cybercriminal Group,82042,33.03,41272,84.75,6.8,10,0,1,0,0
INC-01289,2024-07-02,Education,North America,DDoS,Insider,35970,54.1,0,46.04,7.17,11,89713,0,0,0
INC-01290,2024-08-25,Education,Middle East & Africa,Supply Chain,Hacktivist,45869,57.49,68380,57.83,8.18,14,0,0,1,0
INC-01291,2022-05-06,Government,Asia Pacific,Ransomware,Cybercriminal Group,154186,0.5,300878,49.69,3.85,15,44593,0,0,0
INC-01292,2024-11-29,Education,Middle East & Africa,Insider Threat,Cybercriminal Group,55715,18.7,0,34.81,4.83,16,6325,1,0,0
INC-01293,2023-08-04,Energy,North America,Phishing,State-Sponsored,280043,15.63,35672,55.56,5.49,9,0,1,0,0
INC-01294,2023-01-30,Retail,Europe,Ransomware,State-Sponsored,73974,1.76,382800,15.29,3.81,17,23286,0,0,0
INC-01295,2024-05-14,Education,Latin America,Supply Chain,Hacktivist,98331,10.0,40893,37.04,6.73,18,18846,0,1,1
INC-01296,2023-12-14,Retail,Asia Pacific,Supply Chain,Unknown,56629,0.5,45352,9.99,3.2,14,25750,1,1,0
INC-01297,2022-12-22,Education,Middle East & Africa,Credential Theft,Cybercriminal Group,297578,46.02,73743,50.63,7.76,15,25600,0,1,0
INC-01298,2024-09-24,Retail,Europe,Insider Threat,Insider,36494,44.78,72620,1,7.16,12,30833,1,1,0
INC-01299,2023-04-02,Retail,North America,Malware,Cybercriminal Group,26372,27.45,69235,55.24,4.58,11,0,0,0,0
INC-01300,2022-04-13,Finance,Middle East & Africa,Phishing,Cybercriminal Group,135766,27.98,0,55.0,5.95,13,60582,0,0,0
INC-01301,2023-02-08,Education,Middle East & Africa,DDoS,Insider,58692,23.42,72133,24.8,3.62,15,0,1,0,0
INC-01302,2021-09-16,Manufacturing,Europe,Malware,Hacktivist,83190,45.39,71859,74.22,6.78,11,0,1,0,0
INC-01303,2021-06-22,Retail,Middle East & Africa,Malware,Unknown,117081,14.46,93973,46.69,5.58,10,17163,1,0,0
INC-01304,2022-08-12,Healthcare,Latin America,Insider Threat,Hacktivist,49488,34.59,0,28.36,7.5,10,0,0,0,1
INC-01305,2023-02-12,Finance,Middle East & Africa,Credential Theft,Hacktivist,329788,38.45,4252,26.66,7.82,5,238539,1,1,0
INC-01306,2022-08-22,Retail,North America,Supply Chain,Cybercriminal Group,51425,43.29,0,56.29,8.46,9,23515,1,1,0
INC-01307,2021-02-14,Finance,Latin America,Phishing,State-Sponsored,35877,70.26,18,61.61,10,9,133085,0,1,0
INC-01308,2022-07-17,Retail,North America,Ransomware,Insider,55886,34.59,99551,5.72,3.33,4,16040,1,0,0
INC-01309,2022-09-21,Energy,Europe,DDoS,Hacktivist,146641,22.37,92146,53.78,6.88,13,27390,1,0,1
INC-01310,2024-02-08,Manufacturing,Middle East & Africa,Malware,State-Sponsored,33800,25.68,98720,28.96,6.71,3,8195,0,1,1
INC-01311,2022-07-15,Finance,Asia Pacific,Ransomware,Insider,134082,34.46,0,49.03,8.03,8,145735,0,1,0
INC-01312,2024-02-16,Healthcare,Latin America,Ransomware,State-Sponsored,12266,47.06,46884,37.19,9.09,18,0,0,1,0
INC-01313,2021-07-11,Retail,Latin America,Supply Chain,State-Sponsored,26367,2.79,119236,41.59,4.92,11,9102,0,1,0
INC-01314,2021-06-27,Retail,Asia Pacific,Credential Theft,State-Sponsored,36457,22.19,0,8.1,4.91,19,19620,1,0,0
INC-01315,2021-05-03,Retail,North America,Supply Chain,Insider,22749,59.67,54216,15.2,6.15,12,42468,1,0,0
INC-01316,2022-05-08,Education,Middle East & Africa,DDoS,Hacktivist,179255,32.94,29730,31.99,7.06,4,49907,1,0,0
INC-01317,2023-11-24,Education,North America,Credential Theft,Cybercriminal Group,5526,26.73,0,36.2,6.12,8,59850,1,1,0
INC-01318,2024-10-08,Government,Asia Pacific,DDoS,Unknown,20532,40.27,0,61.32,6.71,6,48827,0,0,0
INC-01319,2022-04-20,Education,Middle East & Africa,Insider Threat,Cybercriminal Group,144936,34.91,8839,67.75,7.46,9,0,0,1,0
INC-01320,2024-11-25,Education,Middle East & Africa,Insider Threat,Unknown,158379,1.75,0,51.72,5.19,9,1214,1,1,0
INC-01321,2023-09-02,Technology,Asia Pacific,Insider Threat,State-Sponsored,40184,0.5,34628,48.47,3.84,19,0,0,1,0
INC-01322,2021-01-14,Government,Middle East & Africa,Ransomware,State-Sponsored,140555,34.92,357528,25.69,8.31,8,175418,0,1,0
INC-01323,2024-05-11,Education,Middle East & Africa,Supply Chain,Hacktivist,361116,16.16,125104,38.88,6.0,13,0,1,1,0
INC-01324,2021-11-10,Healthcare,Latin America,Insider Threat,Insider,40251,5.69,7079,31.54,4.52,9,30736,1,0,0
INC-01325,2023-02-07,Education,Middle East & Africa,Ransomware,Hacktivist,19287,38.06,235311,42.91,5.88,7,24005,0,0,0
INC-01326,2024-01-26,Healthcare,Asia Pacific,Supply Chain,Hacktivist,168674,34.44,116449,37.07,6.17,8,31576,0,0,0
INC-01327,2024-07-16,Government,Latin America,Phishing,Unknown,99984,0.5,42876,66.9,6.35,13,60273,1,0,1
INC-01328,2022-06-02,Energy,North America,Insider Threat,Cybercriminal Group,344496,24.08,73144,1,5.17,8,26968,1,0,0
INC-01329,2021-10-30,Education,Middle East & Africa,Credential Theft,Cybercriminal Group,609457,4.29,0,54.22,5.56,11,12328,1,1,0
INC-01330,2021-06-29,Education,Middle East & Africa,Credential Theft,State-Sponsored,28849,12.84,24642,52.25,4.02,10,0,1,0,0
INC-01331,2024-02-06,Retail,Middle East & Africa,Supply Chain,Insider,24601,15.31,17002,33.94,7.02,13,0,1,1,1
INC-01332,2023-05-04,Manufacturing,Latin America,Credential Theft,State-Sponsored,98215,23.0,109937,65.94,7.02,8,15172,1,1,0
INC-01333,2022-01-09,Healthcare,North America,Ransomware,State-Sponsored,84103,51.16,167801,44.39,7.88,8,0,0,0,0
INC-01334,2023-11-12,Retail,Latin America,Malware,State-Sponsored,258770,27.49,30212,38.75,6.69,10,0,0,0,0
INC-01335,2024-12-24,Education,Middle East & Africa,DDoS,Hacktivist,31440,30.82,68663,26.84,6.19,16,2536,0,0,0
INC-01336,2023-12-07,Government,Latin America,Ransomware,Hacktivist,27489,33.05,0,29.81,5.33,11,166788,0,1,0
INC-01337,2022-04-04,Healthcare,Asia Pacific,DDoS,Insider,196705,0.5,15609,32.19,6.41,9,83408,0,1,0
INC-01338,2021-11-11,Education,North America,Supply Chain,Hacktivist,24049,40.65,123422,68.2,6.05,12,0,0,1,0
INC-01339,2021-11-25,Energy,North America,Insider Threat,Cybercriminal Group,56613,25.08,0,30.56,4.97,18,47156,1,1,0
INC-01340,2023-11-23,Manufacturing,Latin America,Malware,Cybercriminal Group,6677,0.5,102149,43.48,4.08,11,70976,0,0,0
INC-01341,2023-07-29,Healthcare,North America,Phishing,Insider,83457,46.98,52490,49.37,8.37,12,34070,0,1,0
INC-01342,2024-10-28,Technology,Europe,Supply Chain,Insider,25627,33.94,18798,60.54,8.11,9,487,1,1,0
INC-01343,2024-04-07,Retail,Middle East & Africa,Ransomware,Cybercriminal Group,125225,31.95,31063,32.53,6.82,6,0,0,1,0
INC-01344,2023-02-24,Education,North America,Phishing,Cybercriminal Group,148007,0.5,144265,1,2.48,11,39079,1,0,0
INC-01345,2023-01-13,Energy,Europe,Phishing,Hacktivist,38270,38.63,77870,71.41,6.54,11,0,0,0,0
INC-01346,2022-12-08,Energy,Latin America,DDoS,Cybercriminal Group,101611,38.69,105114,65.93,8.33,9,0,1,0,0
INC-01347,2024-05-05,Education,Middle East & Africa,Ransomware,Cybercriminal Group,26383,22.04,326393,31.35,3.98,11,12413,1,1,0
INC-01348,2022-11-02,Technology,North America,DDoS,Cybercriminal Group,58731,26.5,123301,44.72,7.3,8,40883,0,1,0
INC-01349,2024-10-19,Healthcare,Middle East & Africa,Insider Threat,State-Sponsored,27125,30.0,1676,34.19,6.61,4,15846,0,1,0
INC-01350,2024-10-22,Education,Middle East & Africa,Insider Threat,Unknown,60939,44.6,94924,11.37,7.47,9,42561,1,1,0
INC-01351,2024-06-30,Technology,North America,DDoS,Unknown,16092,40.31,58455,36.44,5.97,19,55317,0,0,0
INC-01352,2022-10-27,Manufacturing,North America,Credential Theft,Insider,40096,9.07,72217,31.47,6.17,9,31617,1,1,0
INC-01353,2022-08-19,Manufacturing,Middle East & Africa,DDoS,Cybercriminal Group,146995,40.84,0,49.81,6.37,15,61363,1,0,0
INC-01354,2023-08-14,Manufacturing,Europe,Malware,Insider,50924,13.2,0,61.55,4.54,8,56535,1,0,0
INC-01355,2023-11-05,Manufacturing,Asia Pacific,Credential Theft,Cybercriminal Group,65489,0.5,130142,62.88,6.39,14,0,0,1,0
INC-01356,2021-08-02,Finance,Latin America,Credential Theft,Hacktivist,48297,29.36,0,41.27,7.66,15,172409,1,1,0
INC-01357,2021-04-15,Manufacturing,Asia Pacific,Phishing,Hacktivist,57173,16.77,59358,26.54,4.27,9,38213,1,0,0
INC-01358,2022-04-01,Education,Asia Pacific,Malware,Hacktivist,69836,25.17,108976,1,6.64,13,0,0,1,1
INC-01359,2022-06-02,Finance,Latin America,Credential Theft,State-Sponsored,76106,32.84,92069,24.07,7.42,13,106687,0,1,0
INC-01360,2021-08-31,Retail,Middle East & Africa,Phishing,Insider,108205,46.02,0,37.0,5.75,10,40435,0,0,0
INC-01361,2024-08-09,Manufacturing,Latin America,Credential Theft,Unknown,88955,39.38,47379,4.52,4.37,11,4902,0,0,0
INC-01362,2023-06-03,Technology,North America,Malware,Cybercriminal Group,53824,28.98,17645,42.39,5.14,19,42817,0,0,0
INC-01363,2023-03-09,Manufacturing,Middle East & Africa,Malware,Unknown,94855,13.06,4185,74.97,6.61,15,20065,0,0,1
INC-01364,2024-03-27,Finance,Middle East & Africa,Ransomware,Cybercriminal Group,11741,47.42,112877,46.98,7.54,18,8788,0,0,0
INC-01365,2024-12-29,Technology,Asia Pacific,Supply Chain,Hacktivist,110268,12.38,0,45.14,5.32,9,0,1,1,0
INC-01366,2022-10-21,Retail,Latin America,Ransomware,Cybercriminal Group,112608,1.98,205694,59.84,5.04,10,0,1,1,0
INC-01367,2021-01-05,Energy,Latin America,Ransomware,Cybercriminal Group,72281,34.71,1678,15.03,4.14,10,16251,0,0,0
INC-01368,2024-07-19,Technology,Europe,Malware,Insider,219584,48.37,0,39.81,8.11,14,10237,1,0,1
INC-01369,2024-05-12,Technology,Europe,Malware,Unknown,44752,0.5,13292,63.85,5.68,15,22176,0,0,1
INC-01370,2025-02-09,Manufacturing,Latin America,Phishing,Unknown,35186,20.64,0,1,3.97,14,59435,1,0,0
INC-01371,2023-03-04,Finance,Middle East & Africa,Ransomware,Cybercriminal Group,140122,30.33,18439,54.53,6.81,8,48610,0,1,0
INC-01372,2024-03-10,Technology,North America,Malware,Hacktivist,34951,12.0,693,18.99,4.49,17,0,1,0,0
INC-01373,2024-01-03,Government,North America,Supply Chain,State-Sponsored,256288,26.22,59122,61.99,8.74,17,0,1,0,1
INC-01374,2021-03-16,Retail,North America,Malware,Insider,174528,13.93,5216,40.09,6.0,6,15305,0,1,0
INC-01375,2023-03-16,Retail,Middle East & Africa,Supply Chain,Cybercriminal Group,8738,29.92,37785,43.4,5.87,11,0,0,1,0
INC-01376,2024-09-21,Healthcare,Asia Pacific,Malware,State-Sponsored,321753,21.24,43076,33.37,8.34,8,72599,1,0,1
INC-01377,2023-12-09,Education,North America,Insider Threat,State-Sponsored,49611,20.81,6910,89.27,6.63,10,26502,0,1,0
INC-01378,2023-09-15,Finance,North America,Insider Threat,Unknown,31035,17.48,0,40.72,6.18,19,0,0,1,0
INC-01379,2024-01-25,Government,Asia Pacific,Ransomware,Insider,90607,25.39,0,48.73,7.16,8,252665,1,1,0
INC-01380,2023-01-15,Finance,North America,Supply Chain,Hacktivist,148236,20.94,0,33.18,5.82,9,3583,1,0,1
INC-01381,2023-10-30,Finance,Asia Pacific,Credential Theft,State-Sponsored,86539,12.75,0,27.92,6.87,14,160099,0,1,0
INC-01382,2023-05-18,Government,Latin America,Ransomware,Insider,54380,57.0,77733,29.24,9.0,12,0,0,1,0
INC-01383,2023-08-20,Finance,Middle East & Africa,DDoS,Insider,77755,43.74,0,16.56,8.75,13,215472,0,1,0
INC-01384,2024-12-30,Manufacturing,Middle East & Africa,Credential Theft,State-Sponsored,22392,40.77,69940,61.32,6.97,9,16502,0,1,0
INC-01385,2022-10-06,Energy,Asia Pacific,Credential Theft,Unknown,54037,35.93,83924,1,6.42,12,0,1,1,0
INC-01386,2022-11-04,Energy,Europe,Malware,State-Sponsored,20046,19.35,79659,25.71,2.33,11,58311,1,0,0
INC-01387,2025-03-09,Finance,Latin America,DDoS,Cybercriminal Group,309548,25.48,0,16.18,5.69,10,33039,1,0,0
INC-01388,2024-03-10,Manufacturing,North America,Insider Threat,Insider,96411,34.52,26687,55.13,8.89,4,10788,0,1,0
INC-01389,2024-05-06,Technology,Latin America,Insider Threat,Unknown,196069,18.02,49577,34.18,4.32,11,0,1,0,0
INC-01390,2022-06-24,Technology,Asia Pacific,DDoS,Cybercriminal Group,111181,0.5,0,38.51,3.09,17,42009,1,0,0
INC-01391,2023-07-19,Education,Latin America,Credential Theft,Cybercriminal Group,123236,26.96,0,31.51,5.84,20,35480,1,1,0
INC-01392,2024-03-19,Healthcare,Latin America,Phishing,Insider,66345,0.5,0,37.51,3.69,10,61298,1,0,0
INC-01393,2022-06-22,Technology,Middle East & Africa,Credential Theft,Unknown,85786,0.5,15265,22.38,4.67,9,1314,1,1,0
INC-01394,2022-02-21,Education,Asia Pacific,Ransomware,Cybercriminal Group,67443,53.06,234435,29.11,5.28,7,0,1,0,0
INC-01395,2021-09-15,Government,North America,Credential Theft,Unknown,158062,28.39,29197,47.54,8.1,8,54575,0,1,0
INC-01396,2023-01-20,Technology,Middle East & Africa,Supply Chain,Hacktivist,41726,40.87,32396,56.88,9.07,13,0,0,1,1
INC-01397,2022-06-23,Healthcare,Europe,Insider Threat,Cybercriminal Group,45607,7.07,65541,25.69,6.65,10,273934,0,1,0
INC-01398,2023-01-13,Retail,North America,Malware,Cybercriminal Group,357224,15.38,69369,47.05,6.53,11,25164,1,0,1
INC-01399,2021-08-02,Retail,Europe,DDoS,Hacktivist,13906,19.19,0,1.57,3.78,7,0,1,0,0
INC-01400,2021-05-20,Retail,Europe,Phishing,Cybercriminal Group,19994,35.29,16948,28.86,5.98,4,0,0,0,0
INC-01401,2021-01-10,Government,Middle East & Africa,DDoS,Cybercriminal Group,117192,7.44,35832,55.49,5.61,20,131310,0,1,0
INC-01402,2022-05-29,Retail,Middle East & Africa,Ransomware,Cybercriminal Group,60710,49.01,348894,24.62,5.3,11,44890,0,0,0
INC-01403,2022-10-10,Technology,Asia Pacific,DDoS,Cybercriminal Group,407549,50.24,6287,1,6.46,11,5198,0,0,0
INC-01404,2024-11-03,Technology,Latin America,Insider Threat,State-Sponsored,93500,34.96,28258,35.38,6.58,7,0,0,1,0
INC-01405,2021-09-24,Retail,North America,Ransomware,Cybercriminal Group,22527,1.32,0,27.24,4.84,10,7636,1,1,0
INC-01406,2022-10-27,Education,Latin America,Phishing,Insider,45425,0.99,38006,39.9,2.89,9,8683,0,0,0
INC-01407,2024-11-04,Manufacturing,Latin America,Insider Threat,State-Sponsored,60193,48.57,0,18.66,6.73,17,35853,1,0,0
INC-01408,2023-08-17,Manufacturing,Middle East & Africa,Insider Threat,Hacktivist,91615,25.66,0,17.56,7.49,12,31558,0,1,0
INC-01409,2024-09-15,Healthcare,North America,Supply Chain,Cybercriminal Group,238546,0.5,69887,66.18,6.73,9,133103,1,1,0
INC-01410,2024-01-23,Energy,Asia Pacific,Ransomware,Cybercriminal Group,47908,8.42,0,20.1,4.24,8,50998,0,1,0
INC-01411,2021-02-06,Government,Middle East & Africa,Ransomware,Hacktivist,300263,8.51,507983,23.69,7.95,3,48547,1,1,0
INC-01412,2021-07-22,Technology,Middle East & Africa,Supply Chain,Insider,150119,28.49,112314,27.55,4.75,6,64799,1,0,0
INC-01413,2022-02-24,Energy,Latin America,Malware,Hacktivist,92977,26.99,0,72.1,6.18,4,0,1,0,0
INC-01414,2024-09-16,Manufacturing,Latin America,Phishing,Unknown,126244,10.45,0,73.61,4.58,10,45832,1,0,0
INC-01415,2022-02-23,Education,Middle East & Africa,Insider Threat,State-Sponsored,126268,21.49,0,16.48,5.11,9,10871,1,0,0
INC-01416,2022-03-17,Technology,Europe,Insider Threat,Hacktivist,28720,32.13,130290,47.66,7.1,8,51909,0,1,0
INC-01417,2024-02-23,Manufacturing,Asia Pacific,Insider Threat,State-Sponsored,120575,44.53,0,78.3,7.82,5,0,0,1,0
INC-01418,2021-10-23,Finance,Asia Pacific,DDoS,Cybercriminal Group,508332,32.05,149560,71.4,8.04,12,0,1,0,0
INC-01419,2023-07-29,Technology,North America,Insider Threat,Hacktivist,362072,19.53,34291,21.31,7.55,12,10397,0,1,0
INC-01420,2025-03-17,Healthcare,North America,Credential Theft,Hacktivist,19662,11.58,48383,50.17,7.28,7,66094,0,1,0
INC-01421,2022-11-24,Technology,Middle East & Africa,Supply Chain,Hacktivist,173987,54.15,109316,47.24,6.28,9,17026,0,0,0
INC-01422,2025-02-21,Healthcare,Europe,Credential Theft,Hacktivist,140079,32.93,36450,60.39,8.22,10,27909,0,1,0
INC-01423,2024-01-08,Energy,North America,Credential Theft,Insider,55472,7.01,127315,82.04,3.68,12,8932,1,0,0
INC-01424,2023-12-06,Retail,Asia Pacific,Ransomware,State-Sponsored,14744,2.86,79524,72.51,2.11,19,6981,0,0,0
INC-01425,2023-06-15,Technology,Latin America,Malware,State-Sponsored,103414,15.35,98595,37.96,4.41,16,79933,1,0,0
INC-01426,2022-09-06,Healthcare,Europe,Credential Theft,Insider,32332,21.49,0,54.14,6.72,12,116141,1,1,0
INC-01427,2023-10-08,Manufacturing,Middle East & Africa,Ransomware,Hacktivist,46093,19.34,238065,16.71,6.72,12,29437,0,1,0
INC-01428,2024-07-03,Finance,Middle East & Africa,Malware,Cybercriminal Group,32317,27.16,65716,25.64,6.88,10,12784,0,0,1
INC-01429,2022-09-01,Finance,North America,Ransomware,Hacktivist,110358,16.34,155774,37.84,4.17,15,0,1,0,0
INC-01430,2021-06-07,Retail,Latin America,Malware,Hacktivist,416436,0.5,0,60.64,4.31,13,15858,0,0,0
INC-01431,2025-03-06,Healthcare,North America,Supply Chain,Insider,67699,18.39,61885,7.23,5.31,15,56164,1,0,0
INC-01432,2023-08-27,Energy,Latin America,Insider Threat,Cybercriminal Group,117962,19.5,0,51.94,5.88,11,0,1,1,0
INC-01433,2024-05-16,Retail,Latin America,Phishing,State-Sponsored,54804,13.04,0,9.81,3.61,15,0,1,0,0
INC-01434,2022-05-17,Manufacturing,Middle East & Africa,Ransomware,Unknown,33215,1.73,135213,38.86,5.73,10,5360,0,1,0
INC-01435,2024-11-15,Manufacturing,Asia Pacific,DDoS,Cybercriminal Group,385869,28.96,83772,46.32,5.51,12,53069,1,0,0
INC-01436,2021-06-15,Retail,Asia Pacific,Phishing,Insider,47406,40.44,0,13.79,4.08,7,48534,1,0,0
INC-01437,2023-02-17,Technology,Europe,Supply Chain,Hacktivist,288841,28.84,0,21.39,7.67,11,681,0,1,1
INC-01438,2021-07-17,Technology,North America,Malware,Cybercriminal Group,57274,0.5,76337,52.28,4.49,11,62660,0,1,0
INC-01439,2024-10-30,Education,North America,Credential Theft,Cybercriminal Group,110926,23.57,93060,20.57,4.43,2,58665,1,0,0
INC-01440,2021-06-16,Education,Middle East & Africa,Supply Chain,Hacktivist,64850,18.63,100783,50.02,7.83,15,17786,1,1,1
INC-01441,2023-01-27,Manufacturing,Latin America,DDoS,Unknown,57485,40.81,60413,32.8,7.66,11,83383,0,1,0
INC-01442,2023-08-01,Healthcare,Asia Pacific,Phishing,Insider,42282,2.79,39014,38.92,4.22,7,69912,1,0,0
INC-01443,2022-10-19,Education,Asia Pacific,Malware,Cybercriminal Group,615435,13.46,61839,53.05,9.49,8,44578,1,1,1
INC-01444,2024-11-12,Retail,Middle East & Africa,Malware,Unknown,188631,19.36,0,64.57,5.15,5,0,1,0,1
INC-01445,2023-09-29,Technology,Europe,DDoS,Insider,112688,34.87,33440,37.63,6.76,6,0,0,0,0
INC-01446,2024-01-07,Government,North America,Phishing,Cybercriminal Group,141883,43.15,22339,45.23,7.69,5,0,1,0,0
INC-01447,2023-04-29,Finance,Asia Pacific,Insider Threat,State-Sponsored,82808,6.62,61465,38.11,6.07,9,36418,0,1,0
INC-01448,2022-06-08,Manufacturing,North America,Phishing,Hacktivist,42589,66.92,118728,23.12,7.71,7,93876,0,0,0
INC-01449,2023-05-09,Manufacturing,Latin America,DDoS,State-Sponsored,204489,11.18,125109,1,3.73,11,31976,1,0,0
INC-01450,2025-03-14,Healthcare,North America,DDoS,Unknown,89624,16.59,7384,17.32,4.71,11,22581,0,0,0
INC-01451,2021-01-03,Education,Asia Pacific,Phishing,State-Sponsored,121324,57.83,17226,45.43,7.48,12,68432,1,0,0
INC-01452,2022-04-26,Healthcare,Europe,Malware,Insider,17582,43.07,96594,14.64,5.67,15,16922,0,0,0
INC-01453,2023-08-13,Government,Middle East & Africa,Insider Threat,Hacktivist,466252,28.04,96155,65.84,8.97,20,177763,0,1,0
INC-01454,2021-06-07,Manufacturing,Latin America,Phishing,Hacktivist,64548,10.33,88317,70.36,3.76,2,7435,1,0,0
INC-01455,2023-07-28,Finance,Middle East & Africa,Malware,Hacktivist,282157,26.55,73899,33.25,6.42,15,41290,0,0,0
INC-01456,2023-06-15,Manufacturing,North America,Supply Chain,Unknown,35822,18.35,33122,5.19,6.54,15,22235,0,1,1
INC-01457,2023-10-11,Healthcare,North America,Insider Threat,State-Sponsored,63441,48.57,36219,65.48,7.76,15,0,0,0,0
INC-01458,2022-07-06,Finance,Europe,DDoS,Hacktivist,114112,32.16,0,43.76,6.11,13,0,1,0,0
INC-01459,2022-08-06,Retail,Asia Pacific,Credential Theft,Cybercriminal Group,360054,27.5,78927,40.05,7.32,4,40894,0,1,0
INC-01460,2023-02-24,Manufacturing,Middle East & Africa,Ransomware,Unknown,114778,14.28,222221,45.28,4.42,12,7203,0,0,0
INC-01461,2024-01-10,Finance,Middle East & Africa,Phishing,Unknown,364345,10.5,99436,35.3,5.69,9,18134,1,0,0
INC-01462,2023-07-29,Energy,Europe,Ransomware,Hacktivist,53711,34.69,220080,38.63,5.64,13,12549,0,1,0
INC-01463,2021-03-06,Technology,North America,DDoS,Unknown,311302,18.32,102442,43.73,3.89,9,45666,0,0,0
INC-01464,2021-10-04,Education,Latin America,Credential Theft,Hacktivist,72181,0.87,69028,58.02,3.89,15,60546,0,0,0
INC-01465,2022-09-02,Healthcare,Latin America,Phishing,State-Sponsored,19390,24.03,58789,27.72,5.87,2,0,1,0,0
INC-01466,2024-01-06,Energy,Europe,Supply Chain,State-Sponsored,111818,12.25,0,24.81,5.97,8,21124,1,1,0
INC-01467,2024-11-25,Manufacturing,Asia Pacific,Ransomware,State-Sponsored,47131,33.56,540616,11.85,4.05,13,0,1,0,0
INC-01468,2024-12-28,Education,Asia Pacific,Malware,Cybercriminal Group,35747,3.15,40613,15.33,2.5,2,19061,1,0,0
INC-01469,2023-11-02,Manufacturing,North America,Supply Chain,State-Sponsored,82877,14.45,61528,32.19,4.28,4,0,1,0,0
INC-01470,2024-10-15,Retail,Middle East & Africa,Phishing,Unknown,183778,68.87,3429,52.7,6.94,14,0,1,0,0
INC-01471,2025-03-23,Healthcare,Europe,Supply Chain,State-Sponsored,146365,15.14,65842,1,8.81,7,138741,1,1,1
INC-01472,2022-06-03,Energy,Asia Pacific,Supply Chain,Hacktivist,181355,0.5,72652,28.67,4.03,14,12051,1,0,0
INC-01473,2021-02-08,Healthcare,Asia Pacific,Credential Theft,Unknown,313716,36.74,11421,45.36,7.95,12,10950,0,1,0
INC-01474,2024-12-01,Retail,Middle East & Africa,Phishing,Hacktivist,21095,27.3,34593,24.97,5.63,8,0,1,0,0
INC-01475,2023-08-14,Healthcare,Europe,Ransomware,Cybercriminal Group,300307,53.66,372109,1,8.12,7,241935,0,1,0
INC-01476,2023-04-02,Finance,Latin America,Insider Threat,State-Sponsored,19639,42.37,23605,45.72,8.93,10,276657,1,1,0
INC-01477,2024-08-07,Energy,North America,Phishing,Hacktivist,64294,14.21,31685,1,3.27,11,36329,1,0,0
INC-01478,2022-06-26,Retail,Middle East & Africa,Malware,Insider,747331,60.12,35696,42.49,8.81,15,58972,0,0,0
INC-01479,2024-12-26,Retail,Europe,Supply Chain,Insider,216886,30.16,7759,9.58,6.46,6,0,0,1,0
INC-01480,2024-08-14,Government,Middle East & Africa,Malware,Unknown,8423,23.21,5316,19.78,8.31,6,4300,0,0,1
INC-01481,2022-06-12,Manufacturing,Asia Pacific,Credential Theft,Hacktivist,9377,56.29,58506,22.09,7.61,10,0,0,0,0
INC-01482,2021-03-05,Government,Middle East & Africa,DDoS,State-Sponsored,26599,24.01,28238,87.58,7.46,10,5227,0,0,0
INC-01483,2022-03-14,Technology,Middle East & Africa,Insider Threat,Unknown,148892,31.71,26541,5.87,5.28,5,185,0,1,0
INC-01484,2023-09-10,Healthcare,Europe,DDoS,State-Sponsored,288906,12.22,53489,78.22,6.74,5,46732,0,0,0
INC-01485,2024-01-11,Energy,Europe,Malware,Insider,25502,0.5,35511,77.22,3.25,10,0,1,0,0
INC-01486,2024-09-16,Retail,Asia Pacific,Malware,Hacktivist,26741,9.19,0,39.23,6.52,6,40357,1,0,1
INC-01487,2023-01-27,Retail,Middle East & Africa,DDoS,Insider,166629,38.55,75907,11.38,4.21,9,29735,0,0,0
INC-01488,2023-05-25,Technology,Europe,DDoS,Cybercriminal Group,275902,0.5,0,53.69,5.71,8,93705,0,1,0
INC-01489,2024-10-15,Education,Latin America,Insider Threat,Unknown,20293,15.02,0,27.6,4.73,13,55473,1,1,0
INC-01490,2024-12-05,Education,Asia Pacific,Supply Chain,Hacktivist,125772,54.31,26893,60.81,8.39,5,0,1,1,0
INC-01491,2024-11-12,Technology,Latin America,DDoS,State-Sponsored,92364,14.27,0,8.95,3.6,12,19514,1,0,0
INC-01492,2023-07-18,Finance,Asia Pacific,Malware,State-Sponsored,24160,46.19,20598,10.4,5.92,5,44714,0,0,0
INC-01493,2022-10-17,Manufacturing,Latin America,Malware,Hacktivist,148933,23.6,5747,36.44,5.46,13,27407,1,0,1
INC-01494,2022-06-14,Finance,Asia Pacific,DDoS,Hacktivist,79305,37.68,66634,61.78,9.21,4,328172,0,1,0
INC-01495,2021-07-25,Government,North America,Phishing,Insider,242991,15.31,55508,42.64,6.28,6,60275,0,0,0
INC-01496,2024-03-03,Education,Asia Pacific,Insider Threat,Unknown,30101,18.0,48048,38.46,5.48,5,23218,1,1,0
INC-01497,2025-03-07,Government,Middle East & Africa,Credential Theft,Insider,250931,3.64,3365,39.79,5.81,13,53744,1,1,0
INC-01498,2024-03-20,Finance,North America,Credential Theft,State-Sponsored,180431,31.3,58979,13.05,6.9,8,0,1,1,0
INC-01499,2022-12-08,Education,Middle East & Africa,Malware,Hacktivist,22231,41.59,0,29.75,4.37,5,0,0,0,0
INC-01500,2023-05-03,Energy,Europe,Malware,Insider,65518,0.5,28660,13.78,3.73,6,23337,0,1,0
INC-01501,2023-07-13,Energy,Europe,Insider Threat,Hacktivist,323944,28.42,48625,42.48,8.7,11,0,0,1,0
INC-01502,2023-06-29,Government,Europe,Supply Chain,Unknown,80486,29.57,0,37.57,7.85,9,43420,1,1,0
INC-01503,2025-03-29,Manufacturing,Europe,Credential Theft,Unknown,36733,16.32,95540,1,4.36,7,3705,1,1,0
INC-01504,2021-09-10,Government,Asia Pacific,Malware,Insider,182495,42.17,0,36.08,8.51,14,68579,0,0,0
INC-01505,2022-12-25,Government,Europe,Credential Theft,State-Sponsored,83413,46.05,0,54.21,9.73,12,105162,0,1,0
INC-01506,2022-06-21,Healthcare,Middle East & Africa,Malware,Insider,36913,39.65,0,75.89,7.12,14,36778,1,0,0
INC-01507,2022-07-28,Retail,Latin America,Ransomware,Cybercriminal Group,126675,0.5,120629,1,2.44,6,17135,1,0,0
INC-01508,2022-04-05,Manufacturing,Europe,Supply Chain,State-Sponsored,43269,8.83,91828,30.2,4.04,9,34873,1,1,0
INC-01509,2024-04-30,Healthcare,North America,Credential Theft,State-Sponsored,64339,29.17,4036,63.73,8.14,12,103187,0,1,0
INC-01510,2021-02-13,Energy,North America,Insider Threat,Insider,177960,23.01,8740,29.11,6.5,6,0,0,1,0
INC-01511,2021-10-11,Government,North America,Insider Threat,Unknown,66757,27.35,73474,1,6.33,12,0,1,1,0
INC-01512,2023-03-05,Manufacturing,Latin America,DDoS,Insider,21810,18.51,5680,24.69,4.18,14,0,1,0,0
INC-01513,2023-02-18,Government,Latin America,Malware,Cybercriminal Group,345459,52.42,96178,69.91,8.29,16,0,0,0,0
INC-01514,2023-06-15,Healthcare,Latin America,Credential Theft,State-Sponsored,86123,22.6,0,42.89,6.35,8,144073,0,1,0
INC-01515,2025-01-16,Government,Middle East & Africa,DDoS,Unknown,72034,4.9,110743,12.67,6.57,12,13662,1,1,0
INC-01516,2023-01-30,Manufacturing,Europe,Credential Theft,Cybercriminal Group,68921,20.0,0,13.06,5.24,12,35358,1,1,0
INC-01517,2024-04-10,Retail,Asia Pacific,Ransomware,Unknown,72454,0.5,128876,46.95,3.4,12,16261,0,0,0
INC-01518,2025-02-21,Education,Asia Pacific,Insider Threat,State-Sponsored,156726,0.5,65894,32.98,5.02,11,5751,1,0,0
INC-01519,2021-08-22,Manufacturing,Latin America,Malware,Hacktivist,82040,32.2,7624,4.98,5.25,14,8051,1,0,0
INC-01520,2021-03-18,Healthcare,Europe,DDoS,Cybercriminal Group,21206,63.05,119754,44.92,6.94,7,60209,0,0,0
INC-01521,2024-07-30,Retail,Asia Pacific,Phishing,Hacktivist,73595,37.08,73728,40.44,6.14,8,27767,0,0,0
INC-01522,2022-09-01,Manufacturing,Asia Pacific,Insider Threat,Hacktivist,87100,12.61,115383,1,5.23,10,12701,1,1,0
INC-01523,2023-04-06,Healthcare,Europe,Supply Chain,Unknown,33485,25.5,0,34.87,6.44,8,86538,1,0,1
INC-01524,2021-06-09,Technology,North America,Malware,Hacktivist,133915,43.25,0,68.97,8.92,18,0,1,1,0
INC-01525,2024-08-24,Finance,Europe,Malware,Unknown,25300,35.04,61946,36.56,7.72,12,1307,1,0,1
INC-01526,2023-05-23,Education,Europe,DDoS,State-Sponsored,26970,11.15,58389,50.81,5.73,14,0,0,1,0
INC-01527,2024-06-26,Retail,Asia Pacific,Malware,Insider,301988,37.91,3915,20.09,6.23,6,35572,0,0,1
INC-01528,2022-01-11,Retail,North America,Insider Threat,State-Sponsored,222543,0.5,0,39.71,3.75,6,0,1,1,0
INC-01529,2023-07-21,Retail,Latin America,DDoS,Hacktivist,376248,26.18,76191,13.41,5.76,11,14406,0,0,0
INC-01530,2024-01-04,Energy,Latin America,Ransomware,State-Sponsored,26527,53.41,43937,53.43,9.26,4,28509,0,1,0
INC-01531,2021-05-07,Healthcare,Europe,Insider Threat,State-Sponsored,32903,0.5,38575,39.04,5.91,13,194265,1,1,0
INC-01532,2025-01-17,Finance,Middle East & Africa,Insider Threat,Insider,56695,58.9,0,12.12,7.64,14,20795,0,0,0
INC-01533,2023-02-08,Retail,Latin America,Malware,Cybercriminal Group,389542,12.4,68342,30.59,4.06,7,61108,1,0,0
INC-01534,2022-03-16,Technology,Latin America,Insider Threat,Cybercriminal Group,179848,57.74,9904,42.81,6.61,8,5286,1,0,0
INC-01535,2023-04-27,Manufacturing,Europe,Supply Chain,Hacktivist,65532,34.24,39422,60.02,6.96,10,0,0,0,0
INC-01536,2024-07-27,Energy,North America,Phishing,State-Sponsored,178959,19.44,639,4.28,4.21,7,81,1,0,0
INC-01537,2021-08-21,Healthcare,Middle East & Africa,Credential Theft,State-Sponsored,64269,28.27,41237,94.6,8.67,13,164165,1,1,0
INC-01538,2024-06-05,Finance,North America,Supply Chain,Insider,234162,43.03,50035,36.25,10,5,68010,0,1,1
INC-01539,2022-06-21,Government,Asia Pacific,Malware,Unknown,157920,29.47,126493,43.23,9.35,9,0,0,0,1
INC-01540,2021-04-29,Healthcare,Asia Pacific,Malware,Cybercriminal Group,98483,47.76,40789,49.72,6.49,5,26943,1,0,0
INC-01541,2021-08-21,Energy,North America,Malware,Unknown,132217,8.81,0,22.34,4.35,14,30405,1,0,0
INC-01542,2021-09-07,Education,Middle East & Africa,Supply Chain,Unknown,59424,26.95,12806,48.43,8.6,3,0,1,1,1
INC-01543,2021-01-13,Energy,Europe,DDoS,Insider,95234,54.43,75433,42.55,6.46,12,16489,0,0,0
INC-01544,2024-03-09,Retail,North America,DDoS,Unknown,106672,23.07,92774,48.85,5.34,9,0,0,0,0
INC-01545,2022-09-11,Healthcare,Middle East & Africa,Credential Theft,State-Sponsored,62298,23.44,49958,27.08,7.27,8,0,0,1,0
INC-01546,2021-04-12,Energy,Europe,DDoS,Insider,66193,18.01,0,13.45,4.5,9,33347,1,0,0
INC-01547,2024-09-27,Manufacturing,Latin America,DDoS,Hacktivist,57828,39.91,85874,36.91,6.56,6,74253,0,0,0
INC-01548,2022-08-04,Energy,Middle East & Africa,Credential Theft,Cybercriminal Group,844278,30.51,29062,17.26,6.53,8,6944,0,0,0
INC-01549,2021-11-02,Manufacturing,Middle East & Africa,Malware,Hacktivist,128467,24.47,76502,56.97,5.71,4,19967,0,1,0
INC-01550,2024-03-26,Government,Europe,Credential Theft,Hacktivist,686151,22.07,28287,63.26,10,11,0,1,1,0
INC-01551,2024-08-03,Healthcare,North America,Credential Theft,State-Sponsored,68538,10.52,13864,23.13,7.66,9,94675,0,1,1
INC-01552,2022-02-04,Technology,North America,DDoS,Cybercriminal Group,94598,27.01,40395,19.67,5.24,17,0,1,0,1
INC-01553,2023-04-09,Finance,North America,Malware,Cybercriminal Group,48578,22.55,78447,29.76,5.02,9,0,1,0,0
INC-01554,2022-05-09,Energy,North America,Phishing,Hacktivist,25829,38.45,0,38.42,6.26,9,0,0,0,0
INC-01555,2024-11-19,Energy,Europe,DDoS,Insider,53994,25.95,0,1.56,4.57,7,62164,1,0,0
INC-01556,2023-04-15,Energy,Middle East & Africa,Insider Threat,Cybercriminal Group,84819,49.82,0,57.1,8.25,11,3606,1,1,0
INC-01557,2023-06-23,Education,Latin America,Insider Threat,Unknown,155738,19.83,0,1,2.63,6,2956,1,0,0
INC-01558,2023-02-17,Manufacturing,Latin America,Supply Chain,Cybercriminal Group,72249,53.24,0,22.16,7.7,15,0,1,1,0
INC-01559,2022-05-17,Education,Europe,Ransomware,Insider,393371,54.73,1944,55.44,9.34,7,5504,1,1,0
INC-01560,2023-09-04,Retail,Middle East & Africa,Supply Chain,Insider,12608,13.46,116512,37.64,5.09,17,0,1,1,0
INC-01561,2025-03-27,Healthcare,Middle East & Africa,DDoS,Insider,37309,35.53,9907,78.21,7.14,8,37783,0,0,0
INC-01562,2023-02-12,Technology,Europe,Malware,Unknown,38031,32.75,0,8.69,2.3,6,0,0,0,0
INC-01563,2021-08-23,Retail,Middle East & Africa,DDoS,Cybercriminal Group,68708,17.03,0,29.89,5.29,7,0,1,1,0
INC-01564,2023-12-04,Finance,Latin America,Ransomware,Hacktivist,75209,8.85,442044,22.61,5.88,8,0,1,1,0
INC-01565,2024-05-12,Retail,North America,Credential Theft,Insider,129507,40.1,0,61.59,8.35,7,0,1,1,0
INC-01566,2023-01-26,Manufacturing,Middle East & Africa,Supply Chain,Hacktivist,32864,28.24,81519,38.76,4.97,5,0,1,1,0
INC-01567,2025-03-02,Healthcare,Europe,DDoS,State-Sponsored,65466,32.13,0,30.64,5.6,16,0,0,0,0
INC-01568,2023-03-23,Retail,Asia Pacific,Credential Theft,Insider,35498,31.96,36294,50.58,5.56,2,0,0,1,0
INC-01569,2023-01-27,Technology,Europe,DDoS,Hacktivist,113795,57.88,34890,38.87,7.56,6,51856,1,0,0
INC-01570,2025-01-29,Technology,Latin America,Supply Chain,Hacktivist,306299,17.01,0,44.86,5.74,11,18781,0,1,0
INC-01571,2023-03-05,Manufacturing,Middle East & Africa,Ransomware,State-Sponsored,16642,0.5,5255,72.59,4.5,18,32262,1,0,0
INC-01572,2024-03-23,Energy,Latin America,DDoS,Cybercriminal Group,29900,43.08,60125,64.26,6.42,8,24158,0,0,0
INC-01573,2023-05-11,Finance,Asia Pacific,Insider Threat,State-Sponsored,106360,18.41,0,72.65,7.86,6,0,0,1,0
INC-01574,2022-03-30,Retail,Asia Pacific,Insider Threat,Cybercriminal Group,239398,61.63,52025,68.63,10,8,51210,0,1,0
INC-01575,2023-09-26,Healthcare,North America,DDoS,Hacktivist,7753,37.58,13404,30.45,6.13,9,15567,0,0,0
INC-01576,2023-02-02,Education,Latin America,Ransomware,Cybercriminal Group,187976,28.16,263574,45.79,6.48,15,0,0,1,0
INC-01577,2021-05-25,Energy,Asia Pacific,Phishing,Cybercriminal Group,82198,50.71,24579,17.26,5.83,14,1835,1,0,0
INC-01578,2022-01-31,Finance,Middle East & Africa,Phishing,Cybercriminal Group,157491,50.14,66869,54.9,10,12,172542,0,1,0
INC-01579,2023-12-13,Retail,Latin America,Credential Theft,Unknown,462220,33.77,24338,39.19,6.41,16,28020,1,0,0
INC-01580,2024-09-09,Government,Middle East & Africa,Ransomware,Unknown,33619,34.31,395362,51.91,8.66,11,130950,0,1,0
INC-01581,2025-03-24,Education,Middle East & Africa,Insider Threat,Insider,42318,33.17,100176,51.96,6.39,11,0,1,0,0
INC-01582,2024-02-22,Energy,Asia Pacific,Malware,Unknown,145494,4.68,58295,22.42,1.64,5,0,1,0,0
INC-01583,2022-08-11,Manufacturing,Europe,Supply Chain,Unknown,56679,39.71,0,30.61,7.89,14,37343,1,1,1
INC-01584,2021-06-17,Manufacturing,Middle East & Africa,Malware,State-Sponsored,773740,26.2,104668,37.72,8.75,9,0,0,1,0
INC-01585,2022-03-25,Energy,Latin America,Supply Chain,Hacktivist,20341,16.2,27999,37.08,5.32,8,42322,1,1,0
INC-01586,2023-03-25,Retail,Middle East & Africa,Malware,Insider,26090,6.02,5443,47.76,3.35,8,33356,0,0,0
INC-01587,2021-01-31,Government,Latin America,Phishing,Insider,73032,35.19,101680,31.19,6.88,14,23507,0,0,0
INC-01588,2021-04-18,Education,Europe,Ransomware,State-Sponsored,41969,35.49,274289,45.54,4.49,12,7693,0,0,0
INC-01589,2021-11-02,Manufacturing,North America,Supply Chain,Insider,23306,13.04,16891,17.08,3.5,11,75097,1,1,0
INC-01590,2021-10-01,Manufacturing,Middle East & Africa,Phishing,Insider,151017,27.72,0,39.76,5.23,15,21816,0,0,0
INC-01591,2024-08-18,Finance,North America,Supply Chain,Unknown,40266,38.24,49870,37.6,5.96,9,19718,0,0,0
INC-01592,2024-11-13,Education,Asia Pacific,Credential Theft,Cybercriminal Group,25275,40.6,1073,15.44,6.89,17,34226,1,0,0
INC-01593,2022-12-16,Government,Latin America,DDoS,Unknown,56980,25.86,0,52.94,9.0,11,28037,0,1,0
INC-01594,2023-05-15,Retail,Middle East & Africa,Phishing,Hacktivist,59858,16.42,107274,7.75,2.94,6,44260,1,0,0
INC-01595,2024-06-05,Healthcare,North America,Credential Theft,Unknown,42228,8.83,149654,63.57,6.35,9,79220,1,1,0
INC-01596,2023-08-17,Education,North America,Malware,Insider,35197,8.39,47568,23.49,3.98,19,11018,1,0,1
INC-01597,2022-03-13,Retail,Asia Pacific,Phishing,Unknown,34565,21.75,93200,11.19,5.98,8,0,1,1,0
INC-01598,2023-10-16,Energy,Europe,DDoS,Cybercriminal Group,75777,33.69,16651,67.35,8.24,14,0,0,1,0
INC-01599,2023-01-29,Finance,Middle East & Africa,Credential Theft,Cybercriminal Group,30895,40.45,92949,79.17,9.65,7,4272,0,1,0
INC-01600,2023-11-08,Retail,Latin America,Credential Theft,Cybercriminal Group,179305,34.36,38080,81.17,7.06,10,0,1,1,0
